sigmoid	300	50	roc_auc	0.2	0.9988269794721407
sigmoid	300	50	roc_auc	0.25	0.6290322580645161
sigmoid	300	50	roc_auc	0.3	0.5967741935483871
sigmoid	300	50	roc_auc	0.35	0.9990469208211143
sigmoid	300	50	roc_auc	0.39999999999999997	0.9997067448680352
sigmoid	300	50	roc_auc	0.44999999999999996	0.999266862170088
sigmoid	300	50	roc_auc	0.49999999999999994	0.9998533724340176
sigmoid	300	50	roc_auc	0.5499999999999999	0.9998533724340176
sigmoid	300	50	roc_auc	0.5999999999999999	0.9997067448680352
sigmoid	300	50	roc_auc	0.6499999999999999	0.9994134897360704
sigmoid	300	50	roc_auc	0.7	0.9996334310850441
sigmoid	300	50	roc_auc	0.7499999999999998	0.9994868035190616
sigmoid	300	50	roc_auc	0.7999999999999998	0.999266862170088
sigmoid	300	50	mse	0.2	0.9994134897360705
sigmoid	300	50	mse	0.25	0.9957844574780059
sigmoid	300	50	mse	0.3	0.9990469208211143
sigmoid	300	50	mse	0.35	0.9994134897360704
sigmoid	300	50	mse	0.39999999999999997	0.9997800586510264
sigmoid	300	50	mse	0.44999999999999996	0.999633431085044
sigmoid	300	50	mse	0.49999999999999994	0.6954545454545454
sigmoid	300	50	mse	0.5499999999999999	0.9999266862170088
sigmoid	300	50	mse	0.5999999999999999	0.9997067448680352
sigmoid	300	50	mse	0.6499999999999999	0.8830645161290323
sigmoid	300	50	mse	0.7	0.9991202346041056
sigmoid	300	50	mse	0.7499999999999998	0.9997800586510264
sigmoid	300	50	mse	0.7999999999999998	0.9991202346041055
sigmoid	300	75	roc_auc	0.2	0.999266862170088
sigmoid	300	75	roc_auc	0.25	0.999633431085044
sigmoid	300	75	roc_auc	0.3	1.0
sigmoid	300	75	roc_auc	0.35	0.9747067448680351
sigmoid	300	75	roc_auc	0.39999999999999997	0.5846774193548387
sigmoid	300	75	roc_auc	0.44999999999999996	0.9997800586510264
sigmoid	300	75	roc_auc	0.49999999999999994	0.5967741935483871
sigmoid	300	75	roc_auc	0.5499999999999999	0.6129032258064516
sigmoid	300	75	roc_auc	0.5999999999999999	0.999633431085044
sigmoid	300	75	roc_auc	0.6499999999999999	0.9995601173020527
sigmoid	300	75	roc_auc	0.7	0.9907258064516129
sigmoid	300	75	roc_auc	0.7499999999999998	0.9993401759530793
sigmoid	300	75	roc_auc	0.7999999999999998	0.9999266862170089
sigmoid	300	75	mse	0.2	0.9993401759530791
sigmoid	300	75	mse	0.25	0.5967741935483871
sigmoid	300	75	mse	0.3	0.9990469208211143
sigmoid	300	75	mse	0.35	0.9995601173020527
sigmoid	300	75	mse	0.39999999999999997	0.9986070381231671
sigmoid	300	75	mse	0.44999999999999996	0.9999266862170089
sigmoid	300	75	mse	0.49999999999999994	0.6209677419354839
sigmoid	300	75	mse	0.5499999999999999	0.9991935483870967
sigmoid	300	75	mse	0.5999999999999999	0.9995601173020527
sigmoid	300	75	mse	0.6499999999999999	0.9902492668621701
sigmoid	300	75	mse	0.7	1.0
sigmoid	300	75	mse	0.7499999999999998	0.5967741935483871
sigmoid	300	75	mse	0.7999999999999998	0.6363636363636364
sigmoid	300	100	roc_auc	0.2	1.0
sigmoid	300	100	roc_auc	0.25	0.6454545454545455
sigmoid	300	100	roc_auc	0.3	0.6363636363636364
sigmoid	300	100	roc_auc	0.35	0.9999266862170088
sigmoid	300	100	roc_auc	0.39999999999999997	0.65
sigmoid	300	100	roc_auc	0.44999999999999996	0.9984604105571848
sigmoid	300	100	roc_auc	0.49999999999999994	0.564516129032258
sigmoid	300	100	roc_auc	0.5499999999999999	0.999633431085044
sigmoid	300	100	roc_auc	0.5999999999999999	0.9996334310850439
sigmoid	300	100	roc_auc	0.6499999999999999	0.6209677419354839
sigmoid	300	100	roc_auc	0.7	0.9991202346041056
sigmoid	300	100	roc_auc	0.7499999999999998	0.9992668621700881
sigmoid	300	100	roc_auc	0.7999999999999998	0.6818181818181819
sigmoid	300	100	mse	0.2	0.9997800586510264
sigmoid	300	100	mse	0.25	0.9989736070381232
sigmoid	300	100	mse	0.3	0.6454545454545455
sigmoid	300	100	mse	0.35	0.9994868035190616
sigmoid	300	100	mse	0.39999999999999997	0.6545454545454545
sigmoid	300	100	mse	0.44999999999999996	0.998900293255132
sigmoid	300	100	mse	0.49999999999999994	0.9999266862170088
sigmoid	300	100	mse	0.5499999999999999	0.6590909090909091
sigmoid	300	100	mse	0.5999999999999999	0.9998533724340176
sigmoid	300	100	mse	0.6499999999999999	0.9999266862170088
sigmoid	300	100	mse	0.7	0.9997067448680352
sigmoid	300	100	mse	0.7499999999999998	0.6318181818181818
sigmoid	300	100	mse	0.7999999999999998	0.592741935483871
sigmoid	300	125	roc_auc	0.2	0.9986803519061584
sigmoid	300	125	roc_auc	0.25	0.999633431085044
sigmoid	300	125	roc_auc	0.3	0.9997800586510264
sigmoid	300	125	roc_auc	0.35	0.5806451612903225
sigmoid	300	125	roc_auc	0.39999999999999997	0.9997800586510264
sigmoid	300	125	roc_auc	0.44999999999999996	0.9995601173020527
sigmoid	300	125	roc_auc	0.49999999999999994	0.9995601173020527
sigmoid	300	125	roc_auc	0.5499999999999999	0.625
sigmoid	300	125	roc_auc	0.5999999999999999	0.9999266862170089
sigmoid	300	125	roc_auc	0.6499999999999999	0.9920821114369501
sigmoid	300	125	roc_auc	0.7	0.9995601173020527
sigmoid	300	125	roc_auc	0.7499999999999998	0.5766129032258065
sigmoid	300	125	roc_auc	0.7999999999999998	0.65
sigmoid	300	125	mse	0.2	0.740909090909091
sigmoid	300	125	mse	0.25	0.9998533724340175
sigmoid	300	125	mse	0.3	0.5846774193548387
sigmoid	300	125	mse	0.35	0.9
sigmoid	300	125	mse	0.39999999999999997	1.0
sigmoid	300	125	mse	0.44999999999999996	0.9991202346041056
sigmoid	300	125	mse	0.49999999999999994	0.6363636363636364
sigmoid	300	125	mse	0.5499999999999999	0.9995601173020529
sigmoid	300	125	mse	0.5999999999999999	0.9997800586510264
sigmoid	300	125	mse	0.6499999999999999	0.592741935483871
sigmoid	300	125	mse	0.7	0.9997067448680352
sigmoid	300	125	mse	0.7499999999999998	0.9997800586510264
sigmoid	300	125	mse	0.7999999999999998	0.6318181818181818
sigmoid	300	150	roc_auc	0.2	0.9994134897360704
sigmoid	300	150	roc_auc	0.25	0.999633431085044
sigmoid	300	150	roc_auc	0.3	0.9997800586510264
sigmoid	300	150	roc_auc	0.35	0.9998533724340175
sigmoid	300	150	roc_auc	0.39999999999999997	0.6136363636363636
sigmoid	300	150	roc_auc	0.44999999999999996	0.8909090909090909
sigmoid	300	150	roc_auc	0.49999999999999994	0.5887096774193548
sigmoid	300	150	roc_auc	0.5499999999999999	0.997983870967742
sigmoid	300	150	roc_auc	0.5999999999999999	0.5806451612903225
sigmoid	300	150	roc_auc	0.6499999999999999	0.5806451612903225
sigmoid	300	150	roc_auc	0.7	0.9998533724340175
sigmoid	300	150	roc_auc	0.7499999999999998	0.9174853372434018
sigmoid	300	150	roc_auc	0.7999999999999998	0.6363636363636364
sigmoid	300	150	mse	0.2	0.5725806451612903
sigmoid	300	150	mse	0.25	0.6454545454545455
sigmoid	300	150	mse	0.3	0.7318181818181818
sigmoid	300	150	mse	0.35	0.6363636363636364
sigmoid	300	150	mse	0.39999999999999997	0.592741935483871
sigmoid	300	150	mse	0.44999999999999996	0.9997800586510264
sigmoid	300	150	mse	0.49999999999999994	0.6454545454545455
sigmoid	300	150	mse	0.5499999999999999	0.6636363636363636
sigmoid	300	150	mse	0.5999999999999999	1.0
sigmoid	300	150	mse	0.6499999999999999	0.6272727272727272
sigmoid	300	150	mse	0.7	0.5725806451612903
sigmoid	300	150	mse	0.7499999999999998	0.9996334310850439
sigmoid	300	150	mse	0.7999999999999998	0.6636363636363636
sigmoid	300	175	roc_auc	0.2	0.7272727272727273
sigmoid	300	175	roc_auc	0.25	0.9998533724340175
sigmoid	300	175	roc_auc	0.3	0.5725806451612903
sigmoid	300	175	roc_auc	0.35	0.999633431085044
sigmoid	300	175	roc_auc	0.39999999999999997	0.6318181818181818
sigmoid	300	175	roc_auc	0.44999999999999996	1.0
sigmoid	300	175	roc_auc	0.49999999999999994	0.592741935483871
sigmoid	300	175	roc_auc	0.5499999999999999	0.9988269794721407
sigmoid	300	175	roc_auc	0.5999999999999999	0.9990469208211143
sigmoid	300	175	roc_auc	0.6499999999999999	0.5846774193548387
sigmoid	300	175	roc_auc	0.7	0.6363636363636364
sigmoid	300	175	roc_auc	0.7499999999999998	0.9982038123167155
sigmoid	300	175	roc_auc	0.7999999999999998	0.6318181818181818
sigmoid	300	175	mse	0.2	1.0
sigmoid	300	175	mse	0.25	0.9999266862170089
sigmoid	300	175	mse	0.3	0.6048387096774194
sigmoid	300	175	mse	0.35	0.9994134897360705
sigmoid	300	175	mse	0.39999999999999997	0.6454545454545455
sigmoid	300	175	mse	0.44999999999999996	0.9999266862170089
sigmoid	300	175	mse	0.49999999999999994	0.9989002932551319
sigmoid	300	175	mse	0.5499999999999999	0.9516129032258064
sigmoid	300	175	mse	0.5999999999999999	0.6136363636363636
sigmoid	300	175	mse	0.6499999999999999	0.6318181818181818
sigmoid	300	175	mse	0.7	0.9999266862170089
sigmoid	300	175	mse	0.7499999999999998	0.5806451612903225
sigmoid	300	175	mse	0.7999999999999998	0.65
sigmoid	300	200	roc_auc	0.2	0.9994868035190615
sigmoid	300	200	roc_auc	0.25	0.6227272727272727
sigmoid	300	200	roc_auc	0.3	0.9956378299120234
sigmoid	300	200	roc_auc	0.35	1.0
sigmoid	300	200	roc_auc	0.39999999999999997	0.5766129032258065
sigmoid	300	200	roc_auc	0.44999999999999996	0.5846774193548387
sigmoid	300	200	roc_auc	0.49999999999999994	0.9999266862170089
sigmoid	300	200	roc_auc	0.5499999999999999	0.6318181818181818
sigmoid	300	200	roc_auc	0.5999999999999999	0.9989002932551321
sigmoid	300	200	roc_auc	0.6499999999999999	0.9998533724340176
sigmoid	300	200	roc_auc	0.7	0.9975073313782992
sigmoid	300	200	roc_auc	0.7499999999999998	0.9983870967741935
sigmoid	300	200	roc_auc	0.7999999999999998	0.6409090909090909
sigmoid	300	200	mse	0.2	0.9953812316715542
sigmoid	300	200	mse	0.25	1.0
sigmoid	300	200	mse	0.3	0.9999266862170089
sigmoid	300	200	mse	0.35	0.6363636363636364
sigmoid	300	200	mse	0.39999999999999997	0.9984604105571848
sigmoid	300	200	mse	0.44999999999999996	0.9997067448680352
sigmoid	300	200	mse	0.49999999999999994	0.6318181818181818
sigmoid	300	200	mse	0.5499999999999999	1.0
sigmoid	300	200	mse	0.5999999999999999	0.9988269794721407
sigmoid	300	200	mse	0.6499999999999999	0.9998533724340176
sigmoid	300	200	mse	0.7	0.999450146627566
sigmoid	300	200	mse	0.7499999999999998	0.6272727272727272
sigmoid	300	200	mse	0.7999999999999998	0.6318181818181818
sigmoid	300	225	roc_auc	0.2	0.6454545454545455
sigmoid	300	225	roc_auc	0.25	0.9997800586510264
sigmoid	300	225	roc_auc	0.3	0.9998533724340176
sigmoid	300	225	roc_auc	0.35	0.6363636363636364
sigmoid	300	225	roc_auc	0.39999999999999997	0.7
sigmoid	300	225	roc_auc	0.44999999999999996	0.5806451612903225
sigmoid	300	225	roc_auc	0.49999999999999994	0.9998533724340176
sigmoid	300	225	roc_auc	0.5499999999999999	0.9978005865102639
sigmoid	300	225	roc_auc	0.5999999999999999	0.5806451612903225
sigmoid	300	225	roc_auc	0.6499999999999999	0.6272727272727272
sigmoid	300	225	roc_auc	0.7	0.9937316715542522
sigmoid	300	225	roc_auc	0.7499999999999998	0.6454545454545455
sigmoid	300	225	roc_auc	0.7999999999999998	0.9956378299120234
sigmoid	300	225	mse	0.2	0.9991202346041056
sigmoid	300	225	mse	0.25	1.0
sigmoid	300	225	mse	0.3	0.6318181818181818
sigmoid	300	225	mse	0.35	0.9995601173020527
sigmoid	300	225	mse	0.39999999999999997	0.6181818181818182
sigmoid	300	225	mse	0.44999999999999996	0.9940615835777127
sigmoid	300	225	mse	0.49999999999999994	0.998900293255132
sigmoid	300	225	mse	0.5499999999999999	0.6045454545454545
sigmoid	300	225	mse	0.5999999999999999	0.9994134897360705
sigmoid	300	225	mse	0.6499999999999999	0.6363636363636364
sigmoid	300	225	mse	0.7	0.5967741935483871
sigmoid	300	225	mse	0.7499999999999998	0.997067448680352
sigmoid	300	225	mse	0.7999999999999998	0.9990469208211143
sigmoid	350	50	roc_auc	0.2	0.9990469208211143
sigmoid	350	50	roc_auc	0.25	0.9997800586510264
sigmoid	350	50	roc_auc	0.3	0.999266862170088
sigmoid	350	50	roc_auc	0.35	0.9997800586510265
sigmoid	350	50	roc_auc	0.39999999999999997	0.9998533724340176
sigmoid	350	50	roc_auc	0.44999999999999996	0.9998533724340176
sigmoid	350	50	roc_auc	0.49999999999999994	0.6772727272727272
sigmoid	350	50	roc_auc	0.5499999999999999	0.9991935483870967
sigmoid	350	50	roc_auc	0.5999999999999999	0.9998533724340176
sigmoid	350	50	roc_auc	0.6499999999999999	0.9866202346041056
sigmoid	350	50	roc_auc	0.7	0.9980205278592376
sigmoid	350	50	roc_auc	0.7499999999999998	0.7227272727272727
sigmoid	350	50	roc_auc	0.7999999999999998	0.7272727272727273
sigmoid	350	50	mse	0.2	0.9986070381231672
sigmoid	350	50	mse	0.25	0.9984604105571847
sigmoid	350	50	mse	0.3	0.6545454545454545
sigmoid	350	50	mse	0.35	0.9995601173020529
sigmoid	350	50	mse	0.39999999999999997	0.9991202346041056
sigmoid	350	50	mse	0.44999999999999996	0.9997800586510264
sigmoid	350	50	mse	0.49999999999999994	1.0
sigmoid	350	50	mse	0.5499999999999999	1.0
sigmoid	350	50	mse	0.5999999999999999	0.9998533724340176
sigmoid	350	50	mse	0.6499999999999999	0.9997800586510264
sigmoid	350	50	mse	0.7	0.9999266862170089
sigmoid	350	50	mse	0.7499999999999998	0.999266862170088
sigmoid	350	50	mse	0.7999999999999998	0.9990469208211143
sigmoid	350	75	roc_auc	0.2	0.6008064516129032
sigmoid	350	75	roc_auc	0.25	1.0
sigmoid	350	75	roc_auc	0.3	0.9997067448680351
sigmoid	350	75	roc_auc	0.35	0.999633431085044
sigmoid	350	75	roc_auc	0.39999999999999997	0.5967741935483871
sigmoid	350	75	roc_auc	0.44999999999999996	0.9996334310850439
sigmoid	350	75	roc_auc	0.49999999999999994	0.9998533724340175
sigmoid	350	75	roc_auc	0.5499999999999999	0.9609237536656892
sigmoid	350	75	roc_auc	0.5999999999999999	0.6209677419354839
sigmoid	350	75	roc_auc	0.6499999999999999	0.5887096774193548
sigmoid	350	75	roc_auc	0.7	0.9991202346041056
sigmoid	350	75	roc_auc	0.7499999999999998	0.9997800586510264
sigmoid	350	75	roc_auc	0.7999999999999998	0.560483870967742
sigmoid	350	75	mse	0.2	0.9997067448680351
sigmoid	350	75	mse	0.25	0.9997800586510264
sigmoid	350	75	mse	0.3	0.9997067448680352
sigmoid	350	75	mse	0.35	0.9997800586510264
sigmoid	350	75	mse	0.39999999999999997	0.592741935483871
sigmoid	350	75	mse	0.44999999999999996	0.9975073313782992
sigmoid	350	75	mse	0.49999999999999994	0.9994868035190616
sigmoid	350	75	mse	0.5499999999999999	0.9997800586510264
sigmoid	350	75	mse	0.5999999999999999	0.592741935483871
sigmoid	350	75	mse	0.6499999999999999	0.6454545454545455
sigmoid	350	75	mse	0.7	0.5846774193548387
sigmoid	350	75	mse	0.7499999999999998	0.5967741935483871
sigmoid	350	75	mse	0.7999999999999998	0.9998533724340175
sigmoid	350	100	roc_auc	0.2	0.9997800586510264
sigmoid	350	100	roc_auc	0.25	1.0
sigmoid	350	100	roc_auc	0.3	0.6818181818181819
sigmoid	350	100	roc_auc	0.35	0.5846774193548387
sigmoid	350	100	roc_auc	0.39999999999999997	0.65
sigmoid	350	100	roc_auc	0.44999999999999996	0.5887096774193548
sigmoid	350	100	roc_auc	0.49999999999999994	0.6818181818181819
sigmoid	350	100	roc_auc	0.5499999999999999	0.6363636363636364
sigmoid	350	100	roc_auc	0.5999999999999999	0.6590909090909091
sigmoid	350	100	roc_auc	0.6499999999999999	0.9999266862170088
sigmoid	350	100	roc_auc	0.7	0.5766129032258065
sigmoid	350	100	roc_auc	0.7499999999999998	0.6409090909090909
sigmoid	350	100	roc_auc	0.7999999999999998	0.6454545454545455
sigmoid	350	100	mse	0.2	0.9987536656891496
sigmoid	350	100	mse	0.25	0.9997067448680352
sigmoid	350	100	mse	0.3	0.9998533724340176
sigmoid	350	100	mse	0.35	0.7136363636363636
sigmoid	350	100	mse	0.39999999999999997	0.6363636363636364
sigmoid	350	100	mse	0.44999999999999996	0.6272727272727272
sigmoid	350	100	mse	0.49999999999999994	0.592741935483871
sigmoid	350	100	mse	0.5499999999999999	0.9992302052785923
sigmoid	350	100	mse	0.5999999999999999	1.0
sigmoid	350	100	mse	0.6499999999999999	0.6532258064516129
sigmoid	350	100	mse	0.7	0.9999266862170088
sigmoid	350	100	mse	0.7499999999999998	0.999633431085044
sigmoid	350	100	mse	0.7999999999999998	1.0
sigmoid	350	125	roc_auc	0.2	0.9996334310850441
sigmoid	350	125	roc_auc	0.25	0.9997800586510265
sigmoid	350	125	roc_auc	0.3	0.5806451612903225
sigmoid	350	125	roc_auc	0.35	0.9997067448680351
sigmoid	350	125	roc_auc	0.39999999999999997	0.9998533724340175
sigmoid	350	125	roc_auc	0.44999999999999996	0.5846774193548387
sigmoid	350	125	roc_auc	0.49999999999999994	0.6409090909090909
sigmoid	350	125	roc_auc	0.5499999999999999	0.8772727272727272
sigmoid	350	125	roc_auc	0.5999999999999999	0.592741935483871
sigmoid	350	125	roc_auc	0.6499999999999999	0.5806451612903225
sigmoid	350	125	roc_auc	0.7	0.6636363636363636
sigmoid	350	125	roc_auc	0.7499999999999998	0.5846774193548387
sigmoid	350	125	roc_auc	0.7999999999999998	0.9999266862170088
sigmoid	350	125	mse	0.2	0.9997800586510264
sigmoid	350	125	mse	0.25	0.9994868035190616
sigmoid	350	125	mse	0.3	0.6409090909090909
sigmoid	350	125	mse	0.35	0.994391495601173
sigmoid	350	125	mse	0.39999999999999997	0.6681818181818182
sigmoid	350	125	mse	0.44999999999999996	0.9997800586510264
sigmoid	350	125	mse	0.49999999999999994	0.9999266862170089
sigmoid	350	125	mse	0.5499999999999999	0.9997067448680351
sigmoid	350	125	mse	0.5999999999999999	0.6318181818181818
sigmoid	350	125	mse	0.6499999999999999	0.5967741935483871
sigmoid	350	125	mse	0.7	0.6318181818181818
sigmoid	350	125	mse	0.7499999999999998	0.6318181818181818
sigmoid	350	125	mse	0.7999999999999998	0.9989369501466275
sigmoid	350	150	roc_auc	0.2	0.9999266862170088
sigmoid	350	150	roc_auc	0.25	0.65
sigmoid	350	150	roc_auc	0.3	0.5967741935483871
sigmoid	350	150	roc_auc	0.35	0.9947214076246333
sigmoid	350	150	roc_auc	0.39999999999999997	0.9991935483870967
sigmoid	350	150	roc_auc	0.44999999999999996	0.9990835777126099
sigmoid	350	150	roc_auc	0.49999999999999994	1.0
sigmoid	350	150	roc_auc	0.5499999999999999	0.6727272727272727
sigmoid	350	150	roc_auc	0.5999999999999999	0.9999266862170088
sigmoid	350	150	roc_auc	0.6499999999999999	1.0
sigmoid	350	150	roc_auc	0.7	0.5887096774193548
sigmoid	350	150	roc_auc	0.7499999999999998	0.5685483870967742
sigmoid	350	150	roc_auc	0.7999999999999998	0.9994134897360704
sigmoid	350	150	mse	0.2	0.6409090909090909
sigmoid	350	150	mse	0.25	0.9989002932551319
sigmoid	350	150	mse	0.3	0.592741935483871
sigmoid	350	150	mse	0.35	1.0
sigmoid	350	150	mse	0.39999999999999997	0.9998533724340176
sigmoid	350	150	mse	0.44999999999999996	0.9486803519061583
sigmoid	350	150	mse	0.49999999999999994	0.9993401759530791
sigmoid	350	150	mse	0.5499999999999999	0.9997067448680352
sigmoid	350	150	mse	0.5999999999999999	0.5967741935483871
sigmoid	350	150	mse	0.6499999999999999	0.9998533724340175
sigmoid	350	150	mse	0.7	0.6545454545454545
sigmoid	350	150	mse	0.7499999999999998	0.9987536656891497
sigmoid	350	150	mse	0.7999999999999998	0.6318181818181818
sigmoid	350	175	roc_auc	0.2	0.6181818181818182
sigmoid	350	175	roc_auc	0.25	0.6681818181818182
sigmoid	350	175	roc_auc	0.3	0.5887096774193548
sigmoid	350	175	roc_auc	0.35	0.9999266862170089
sigmoid	350	175	roc_auc	0.39999999999999997	0.5846774193548387
sigmoid	350	175	roc_auc	0.44999999999999996	0.5806451612903225
sigmoid	350	175	roc_auc	0.49999999999999994	0.9972140762463343
sigmoid	350	175	roc_auc	0.5499999999999999	0.6590909090909091
sigmoid	350	175	roc_auc	0.5999999999999999	0.9989002932551321
sigmoid	350	175	roc_auc	0.6499999999999999	0.9986070381231672
sigmoid	350	175	roc_auc	0.7	0.9989369501466275
sigmoid	350	175	roc_auc	0.7499999999999998	0.5846774193548387
sigmoid	350	175	roc_auc	0.7999999999999998	0.9560117302052786
sigmoid	350	175	mse	0.2	0.6272727272727272
sigmoid	350	175	mse	0.25	1.0
sigmoid	350	175	mse	0.3	0.9998533724340176
sigmoid	350	175	mse	0.35	0.6409090909090909
sigmoid	350	175	mse	0.39999999999999997	0.5887096774193548
sigmoid	350	175	mse	0.44999999999999996	0.9999266862170089
sigmoid	350	175	mse	0.49999999999999994	0.9998533724340176
sigmoid	350	175	mse	0.5499999999999999	1.0
sigmoid	350	175	mse	0.5999999999999999	0.999266862170088
sigmoid	350	175	mse	0.6499999999999999	0.9993401759530791
sigmoid	350	175	mse	0.7	0.9997800586510264
sigmoid	350	175	mse	0.7499999999999998	0.9994868035190616
sigmoid	350	175	mse	0.7999999999999998	0.9994868035190616
sigmoid	350	200	roc_auc	0.2	0.5846774193548387
sigmoid	350	200	roc_auc	0.25	0.9997067448680352
sigmoid	350	200	roc_auc	0.3	0.7016129032258065
sigmoid	350	200	roc_auc	0.35	0.9991202346041055
sigmoid	350	200	roc_auc	0.39999999999999997	0.5846774193548387
sigmoid	350	200	roc_auc	0.44999999999999996	0.6318181818181818
sigmoid	350	200	roc_auc	0.49999999999999994	0.9990102639296188
sigmoid	350	200	roc_auc	0.5499999999999999	0.9998533724340176
sigmoid	350	200	roc_auc	0.5999999999999999	0.5846774193548387
sigmoid	350	200	roc_auc	0.6499999999999999	0.998533724340176
sigmoid	350	200	roc_auc	0.7	0.9940615835777127
sigmoid	350	200	roc_auc	0.7499999999999998	0.6363636363636364
sigmoid	350	200	roc_auc	0.7999999999999998	0.9995601173020527
sigmoid	350	200	mse	0.2	0.6318181818181818
sigmoid	350	200	mse	0.25	0.5846774193548387
sigmoid	350	200	mse	0.3	0.6318181818181818
sigmoid	350	200	mse	0.35	0.9994868035190616
sigmoid	350	200	mse	0.39999999999999997	0.9998533724340176
sigmoid	350	200	mse	0.44999999999999996	1.0
sigmoid	350	200	mse	0.49999999999999994	0.5725806451612903
sigmoid	350	200	mse	0.5499999999999999	0.6318181818181818
sigmoid	350	200	mse	0.5999999999999999	0.9956011730205279
sigmoid	350	200	mse	0.6499999999999999	0.9981304985337243
sigmoid	350	200	mse	0.7	0.9978005865102639
sigmoid	350	200	mse	0.7499999999999998	0.5806451612903225
sigmoid	350	200	mse	0.7999999999999998	0.9962976539589443
sigmoid	350	225	roc_auc	0.2	1.0
sigmoid	350	225	roc_auc	0.25	0.9994868035190616
sigmoid	350	225	roc_auc	0.3	0.5967741935483871
sigmoid	350	225	roc_auc	0.35	0.9999266862170088
sigmoid	350	225	roc_auc	0.39999999999999997	0.6181818181818182
sigmoid	350	225	roc_auc	0.44999999999999996	0.6272727272727272
sigmoid	350	225	roc_auc	0.49999999999999994	0.6318181818181818
sigmoid	350	225	roc_auc	0.5499999999999999	0.6318181818181818
sigmoid	350	225	roc_auc	0.5999999999999999	0.9994868035190617
sigmoid	350	225	roc_auc	0.6499999999999999	0.6409090909090909
sigmoid	350	225	roc_auc	0.7	0.9967008797653958
sigmoid	350	225	roc_auc	0.7499999999999998	0.9978005865102639
sigmoid	350	225	roc_auc	0.7999999999999998	0.999266862170088
sigmoid	350	225	mse	0.2	1.0
sigmoid	350	225	mse	0.25	0.6318181818181818
sigmoid	350	225	mse	0.3	0.592741935483871
sigmoid	350	225	mse	0.35	1.0
sigmoid	350	225	mse	0.39999999999999997	0.9998533724340176
sigmoid	350	225	mse	0.44999999999999996	0.9997800586510264
sigmoid	350	225	mse	0.49999999999999994	0.6272727272727272
sigmoid	350	225	mse	0.5499999999999999	0.6136363636363636
sigmoid	350	225	mse	0.5999999999999999	0.6318181818181818
sigmoid	350	225	mse	0.6499999999999999	0.9984604105571848
sigmoid	350	225	mse	0.7	0.9962609970674486
sigmoid	350	225	mse	0.7499999999999998	0.9995601173020527
sigmoid	350	225	mse	0.7999999999999998	1.0
sigmoid	400	50	roc_auc	0.2	0.5967741935483871
sigmoid	400	50	roc_auc	0.25	0.9990469208211143
sigmoid	400	50	roc_auc	0.3	0.9999266862170089
sigmoid	400	50	roc_auc	0.35	0.9991935483870967
sigmoid	400	50	roc_auc	0.39999999999999997	1.0
sigmoid	400	50	roc_auc	0.44999999999999996	0.5967741935483871
sigmoid	400	50	roc_auc	0.49999999999999994	0.6818181818181819
sigmoid	400	50	roc_auc	0.5499999999999999	0.9998533724340176
sigmoid	400	50	roc_auc	0.5999999999999999	0.999266862170088
sigmoid	400	50	roc_auc	0.6499999999999999	0.9999266862170088
sigmoid	400	50	roc_auc	0.7	0.9999266862170088
sigmoid	400	50	roc_auc	0.7499999999999998	0.9995601173020529
sigmoid	400	50	roc_auc	0.7999999999999998	0.5846774193548387
sigmoid	400	50	mse	0.2	0.9993401759530792
sigmoid	400	50	mse	0.25	0.9994868035190616
sigmoid	400	50	mse	0.3	0.9986803519061584
sigmoid	400	50	mse	0.35	1.0
sigmoid	400	50	mse	0.39999999999999997	0.999266862170088
sigmoid	400	50	mse	0.44999999999999996	0.9994868035190616
sigmoid	400	50	mse	0.49999999999999994	0.9990469208211143
sigmoid	400	50	mse	0.5499999999999999	0.999633431085044
sigmoid	400	50	mse	0.5999999999999999	0.9997067448680351
sigmoid	400	50	mse	0.6499999999999999	0.6318181818181818
sigmoid	400	50	mse	0.7	0.999266862170088
sigmoid	400	50	mse	0.7499999999999998	0.5967741935483871
sigmoid	400	50	mse	0.7999999999999998	0.5806451612903225
sigmoid	400	75	roc_auc	0.2	0.9995601173020527
sigmoid	400	75	roc_auc	0.25	1.0
sigmoid	400	75	roc_auc	0.3	0.9995601173020527
sigmoid	400	75	roc_auc	0.35	0.9999266862170088
sigmoid	400	75	roc_auc	0.39999999999999997	0.6409090909090909
sigmoid	400	75	roc_auc	0.44999999999999996	0.9998533724340176
sigmoid	400	75	roc_auc	0.49999999999999994	0.5967741935483871
sigmoid	400	75	roc_auc	0.5499999999999999	0.6454545454545455
sigmoid	400	75	roc_auc	0.5999999999999999	0.5846774193548387
sigmoid	400	75	roc_auc	0.6499999999999999	0.9998533724340176
sigmoid	400	75	roc_auc	0.7	0.6636363636363636
sigmoid	400	75	roc_auc	0.7499999999999998	0.5967741935483871
sigmoid	400	75	roc_auc	0.7999999999999998	0.5967741935483871
sigmoid	400	75	mse	0.2	0.5766129032258065
sigmoid	400	75	mse	0.25	0.9999266862170088
sigmoid	400	75	mse	0.3	0.9999266862170088
sigmoid	400	75	mse	0.35	0.9997067448680352
sigmoid	400	75	mse	0.39999999999999997	0.999633431085044
sigmoid	400	75	mse	0.44999999999999996	1.0
sigmoid	400	75	mse	0.49999999999999994	0.625
sigmoid	400	75	mse	0.5499999999999999	0.999266862170088
sigmoid	400	75	mse	0.5999999999999999	0.6772727272727272
sigmoid	400	75	mse	0.6499999999999999	0.65
sigmoid	400	75	mse	0.7	0.9995601173020527
sigmoid	400	75	mse	0.7499999999999998	0.7181818181818181
sigmoid	400	75	mse	0.7999999999999998	0.9986436950146628
sigmoid	400	100	roc_auc	0.2	0.9994868035190616
sigmoid	400	100	roc_auc	0.25	1.0
sigmoid	400	100	roc_auc	0.3	0.9995601173020527
sigmoid	400	100	roc_auc	0.35	1.0
sigmoid	400	100	roc_auc	0.39999999999999997	1.0
sigmoid	400	100	roc_auc	0.44999999999999996	0.5967741935483871
sigmoid	400	100	roc_auc	0.49999999999999994	0.998900293255132
sigmoid	400	100	roc_auc	0.5499999999999999	0.9999266862170088
sigmoid	400	100	roc_auc	0.5999999999999999	0.5846774193548387
sigmoid	400	100	roc_auc	0.6499999999999999	0.9998533724340177
sigmoid	400	100	roc_auc	0.7	0.9994868035190616
sigmoid	400	100	roc_auc	0.7499999999999998	0.9762463343108505
sigmoid	400	100	roc_auc	0.7999999999999998	0.5967741935483871
sigmoid	400	100	mse	0.2	0.6454545454545455
sigmoid	400	100	mse	0.25	0.999266862170088
sigmoid	400	100	mse	0.3	0.6454545454545455
sigmoid	400	100	mse	0.35	0.9999266862170088
sigmoid	400	100	mse	0.39999999999999997	0.9998533724340176
sigmoid	400	100	mse	0.44999999999999996	0.6318181818181818
sigmoid	400	100	mse	0.49999999999999994	0.6818181818181819
sigmoid	400	100	mse	0.5499999999999999	0.6454545454545455
sigmoid	400	100	mse	0.5999999999999999	0.999266862170088
sigmoid	400	100	mse	0.6499999999999999	0.5806451612903225
sigmoid	400	100	mse	0.7	0.6318181818181818
sigmoid	400	100	mse	0.7499999999999998	0.9999266862170088
sigmoid	400	100	mse	0.7999999999999998	0.9988269794721408
sigmoid	400	125	roc_auc	0.2	0.5846774193548387
sigmoid	400	125	roc_auc	0.25	0.6909090909090909
sigmoid	400	125	roc_auc	0.3	0.5967741935483871
sigmoid	400	125	roc_auc	0.35	0.6772727272727272
sigmoid	400	125	roc_auc	0.39999999999999997	0.5806451612903225
sigmoid	400	125	roc_auc	0.44999999999999996	0.8090909090909091
sigmoid	400	125	roc_auc	0.49999999999999994	1.0
sigmoid	400	125	roc_auc	0.5499999999999999	1.0
sigmoid	400	125	roc_auc	0.5999999999999999	0.592741935483871
sigmoid	400	125	roc_auc	0.6499999999999999	0.6272727272727272
sigmoid	400	125	roc_auc	0.7	0.9995601173020527
sigmoid	400	125	roc_auc	0.7499999999999998	0.9998533724340176
sigmoid	400	125	roc_auc	0.7999999999999998	0.9997800586510264
sigmoid	400	125	mse	0.2	0.9998533724340177
sigmoid	400	125	mse	0.25	0.6318181818181818
sigmoid	400	125	mse	0.3	0.6363636363636364
sigmoid	400	125	mse	0.35	0.999633431085044
sigmoid	400	125	mse	0.39999999999999997	0.9989736070381232
sigmoid	400	125	mse	0.44999999999999996	0.6318181818181818
sigmoid	400	125	mse	0.49999999999999994	0.5806451612903225
sigmoid	400	125	mse	0.5499999999999999	0.9999266862170088
sigmoid	400	125	mse	0.5999999999999999	0.6409090909090909
sigmoid	400	125	mse	0.6499999999999999	0.9994868035190615
sigmoid	400	125	mse	0.7	0.9999266862170088
sigmoid	400	125	mse	0.7499999999999998	0.6318181818181818
sigmoid	400	125	mse	0.7999999999999998	0.9994134897360705
sigmoid	400	150	roc_auc	0.2	0.5887096774193548
sigmoid	400	150	roc_auc	0.25	1.0
sigmoid	400	150	roc_auc	0.3	1.0
sigmoid	400	150	roc_auc	0.35	0.942265395894428
sigmoid	400	150	roc_auc	0.39999999999999997	0.6409090909090909
sigmoid	400	150	roc_auc	0.44999999999999996	0.6318181818181818
sigmoid	400	150	roc_auc	0.49999999999999994	0.6318181818181818
sigmoid	400	150	roc_auc	0.5499999999999999	0.6409090909090909
sigmoid	400	150	roc_auc	0.5999999999999999	0.9987536656891496
sigmoid	400	150	roc_auc	0.6499999999999999	0.5846774193548387
sigmoid	400	150	roc_auc	0.7	1.0
sigmoid	400	150	roc_auc	0.7499999999999998	0.9964442815249266
sigmoid	400	150	roc_auc	0.7999999999999998	0.6363636363636364
sigmoid	400	150	mse	0.2	1.0
sigmoid	400	150	mse	0.25	0.6454545454545455
sigmoid	400	150	mse	0.3	0.5846774193548387
sigmoid	400	150	mse	0.35	0.5887096774193548
sigmoid	400	150	mse	0.39999999999999997	0.9606304985337244
sigmoid	400	150	mse	0.44999999999999996	0.999633431085044
sigmoid	400	150	mse	0.49999999999999994	0.9993401759530792
sigmoid	400	150	mse	0.5499999999999999	0.6318181818181818
sigmoid	400	150	mse	0.5999999999999999	0.9997067448680351
sigmoid	400	150	mse	0.6499999999999999	0.5806451612903225
sigmoid	400	150	mse	0.7	0.6209677419354839
sigmoid	400	150	mse	0.7499999999999998	0.5725806451612903
sigmoid	400	150	mse	0.7999999999999998	0.9991202346041056
sigmoid	400	175	roc_auc	0.2	1.0
sigmoid	400	175	roc_auc	0.25	0.9994134897360704
sigmoid	400	175	roc_auc	0.3	0.5967741935483871
sigmoid	400	175	roc_auc	0.35	0.6454545454545455
sigmoid	400	175	roc_auc	0.39999999999999997	0.9997800586510264
sigmoid	400	175	roc_auc	0.44999999999999996	0.9999266862170089
sigmoid	400	175	roc_auc	0.49999999999999994	0.6545454545454545
sigmoid	400	175	roc_auc	0.5499999999999999	0.9993401759530792
sigmoid	400	175	roc_auc	0.5999999999999999	0.9984604105571847
sigmoid	400	175	roc_auc	0.6499999999999999	0.6409090909090909
sigmoid	400	175	roc_auc	0.7	0.6227272727272727
sigmoid	400	175	roc_auc	0.7499999999999998	0.5887096774193548
sigmoid	400	175	roc_auc	0.7999999999999998	0.9986070381231672
sigmoid	400	175	mse	0.2	1.0
sigmoid	400	175	mse	0.25	0.5806451612903225
sigmoid	400	175	mse	0.3	0.9999266862170089
sigmoid	400	175	mse	0.35	0.9995601173020529
sigmoid	400	175	mse	0.39999999999999997	0.6318181818181818
sigmoid	400	175	mse	0.44999999999999996	0.6088709677419355
sigmoid	400	175	mse	0.49999999999999994	0.5846774193548387
sigmoid	400	175	mse	0.5499999999999999	0.999633431085044
sigmoid	400	175	mse	0.5999999999999999	0.9999266862170089
sigmoid	400	175	mse	0.6499999999999999	1.0
sigmoid	400	175	mse	0.7	0.5806451612903225
sigmoid	400	175	mse	0.7499999999999998	0.9999266862170088
sigmoid	400	175	mse	0.7999999999999998	0.6318181818181818
sigmoid	400	200	roc_auc	0.2	0.5806451612903225
sigmoid	400	200	roc_auc	0.25	0.6318181818181818
sigmoid	400	200	roc_auc	0.3	0.5806451612903225
sigmoid	400	200	roc_auc	0.35	0.9758064516129032
sigmoid	400	200	roc_auc	0.39999999999999997	0.9999266862170089
sigmoid	400	200	roc_auc	0.44999999999999996	1.0
sigmoid	400	200	roc_auc	0.49999999999999994	0.6318181818181818
sigmoid	400	200	roc_auc	0.5499999999999999	0.9999266862170089
sigmoid	400	200	roc_auc	0.5999999999999999	0.6363636363636364
sigmoid	400	200	roc_auc	0.6499999999999999	0.5806451612903225
sigmoid	400	200	roc_auc	0.7	0.9983504398826979
sigmoid	400	200	roc_auc	0.7499999999999998	0.6318181818181818
sigmoid	400	200	roc_auc	0.7999999999999998	0.6318181818181818
sigmoid	400	200	mse	0.2	0.5806451612903225
sigmoid	400	200	mse	0.25	0.9997067448680352
sigmoid	400	200	mse	0.3	0.6363636363636364
sigmoid	400	200	mse	0.35	0.5806451612903225
sigmoid	400	200	mse	0.39999999999999997	0.9994868035190616
sigmoid	400	200	mse	0.44999999999999996	0.7136363636363636
sigmoid	400	200	mse	0.49999999999999994	0.5846774193548387
sigmoid	400	200	mse	0.5499999999999999	0.6318181818181818
sigmoid	400	200	mse	0.5999999999999999	1.0
sigmoid	400	200	mse	0.6499999999999999	0.5846774193548387
sigmoid	400	200	mse	0.7	0.5846774193548387
sigmoid	400	200	mse	0.7499999999999998	0.6318181818181818
sigmoid	400	200	mse	0.7999999999999998	0.6136363636363636
sigmoid	400	225	roc_auc	0.2	0.99908357771261
sigmoid	400	225	roc_auc	0.25	0.5967741935483871
sigmoid	400	225	roc_auc	0.3	0.9958944281524926
sigmoid	400	225	roc_auc	0.35	1.0
sigmoid	400	225	roc_auc	0.39999999999999997	0.6318181818181818
sigmoid	400	225	roc_auc	0.44999999999999996	0.9835777126099707
sigmoid	400	225	roc_auc	0.49999999999999994	0.6272727272727272
sigmoid	400	225	roc_auc	0.5499999999999999	0.9953812316715542
sigmoid	400	225	roc_auc	0.5999999999999999	0.5846774193548387
sigmoid	400	225	roc_auc	0.6499999999999999	0.5887096774193548
sigmoid	400	225	roc_auc	0.7	0.9999266862170088
sigmoid	400	225	roc_auc	0.7499999999999998	0.9995601173020527
sigmoid	400	225	roc_auc	0.7999999999999998	0.999266862170088
sigmoid	400	225	mse	0.2	0.6318181818181818
sigmoid	400	225	mse	0.25	0.5887096774193548
sigmoid	400	225	mse	0.3	0.9994868035190616
sigmoid	400	225	mse	0.35	0.9948680351906158
sigmoid	400	225	mse	0.39999999999999997	0.5846774193548387
sigmoid	400	225	mse	0.44999999999999996	0.9999266862170089
sigmoid	400	225	mse	0.49999999999999994	0.9999266862170089
sigmoid	400	225	mse	0.5499999999999999	0.5887096774193548
sigmoid	400	225	mse	0.5999999999999999	0.9947214076246333
sigmoid	400	225	mse	0.6499999999999999	0.9987903225806452
sigmoid	400	225	mse	0.7	0.9996700879765396
sigmoid	400	225	mse	0.7499999999999998	0.9993035190615835
sigmoid	400	225	mse	0.7999999999999998	0.6363636363636364
sigmoid	450	50	roc_auc	0.2	0.999633431085044
sigmoid	450	50	roc_auc	0.25	0.9999266862170089
sigmoid	450	50	roc_auc	0.3	0.9997800586510264
sigmoid	450	50	roc_auc	0.35	0.9995601173020529
sigmoid	450	50	roc_auc	0.39999999999999997	1.0
sigmoid	450	50	roc_auc	0.44999999999999996	0.9998533724340176
sigmoid	450	50	roc_auc	0.49999999999999994	0.9998533724340176
sigmoid	450	50	roc_auc	0.5499999999999999	0.9998533724340175
sigmoid	450	50	roc_auc	0.5999999999999999	0.592741935483871
sigmoid	450	50	roc_auc	0.6499999999999999	0.9999266862170088
sigmoid	450	50	roc_auc	0.7	0.9991935483870968
sigmoid	450	50	roc_auc	0.7499999999999998	0.6681818181818182
sigmoid	450	50	roc_auc	0.7999999999999998	0.9090909090909092
sigmoid	450	50	mse	0.2	0.9997800586510265
sigmoid	450	50	mse	0.25	0.6727272727272727
sigmoid	450	50	mse	0.3	0.9999266862170088
sigmoid	450	50	mse	0.35	0.9997800586510264
sigmoid	450	50	mse	0.39999999999999997	0.9990469208211143
sigmoid	450	50	mse	0.44999999999999996	0.9998533724340175
sigmoid	450	50	mse	0.49999999999999994	0.6008064516129032
sigmoid	450	50	mse	0.5499999999999999	0.9993401759530792
sigmoid	450	50	mse	0.5999999999999999	0.6909090909090909
sigmoid	450	50	mse	0.6499999999999999	0.999633431085044
sigmoid	450	50	mse	0.7	0.5967741935483871
sigmoid	450	50	mse	0.7499999999999998	0.5846774193548387
sigmoid	450	50	mse	0.7999999999999998	0.9990469208211143
sigmoid	450	75	roc_auc	0.2	1.0
sigmoid	450	75	roc_auc	0.25	0.9999266862170089
sigmoid	450	75	roc_auc	0.3	0.5806451612903225
sigmoid	450	75	roc_auc	0.35	0.9993401759530792
sigmoid	450	75	roc_auc	0.39999999999999997	0.9994868035190616
sigmoid	450	75	roc_auc	0.44999999999999996	0.6818181818181819
sigmoid	450	75	roc_auc	0.49999999999999994	0.9998533724340176
sigmoid	450	75	roc_auc	0.5499999999999999	0.5967741935483871
sigmoid	450	75	roc_auc	0.5999999999999999	0.5887096774193548
sigmoid	450	75	roc_auc	0.6499999999999999	0.9999266862170088
sigmoid	450	75	roc_auc	0.7	0.9994134897360705
sigmoid	450	75	roc_auc	0.7499999999999998	0.6318181818181818
sigmoid	450	75	roc_auc	0.7999999999999998	0.999633431085044
sigmoid	450	75	mse	0.2	1.0
sigmoid	450	75	mse	0.25	1.0
sigmoid	450	75	mse	0.3	0.9998533724340176
sigmoid	450	75	mse	0.35	0.6681818181818182
sigmoid	450	75	mse	0.39999999999999997	0.6454545454545455
sigmoid	450	75	mse	0.44999999999999996	0.9999266862170089
sigmoid	450	75	mse	0.49999999999999994	0.5887096774193548
sigmoid	450	75	mse	0.5499999999999999	0.6363636363636364
sigmoid	450	75	mse	0.5999999999999999	0.6454545454545455
sigmoid	450	75	mse	0.6499999999999999	0.5967741935483871
sigmoid	450	75	mse	0.7	0.9989736070381232
sigmoid	450	75	mse	0.7499999999999998	0.9996334310850439
sigmoid	450	75	mse	0.7999999999999998	1.0
sigmoid	450	100	roc_auc	0.2	0.9999266862170088
sigmoid	450	100	roc_auc	0.25	0.9997067448680352
sigmoid	450	100	roc_auc	0.3	0.6363636363636364
sigmoid	450	100	roc_auc	0.35	0.5887096774193548
sigmoid	450	100	roc_auc	0.39999999999999997	1.0
sigmoid	450	100	roc_auc	0.44999999999999996	1.0
sigmoid	450	100	roc_auc	0.49999999999999994	0.6363636363636364
sigmoid	450	100	roc_auc	0.5499999999999999	0.9991935483870967
sigmoid	450	100	roc_auc	0.5999999999999999	0.9857038123167157
sigmoid	450	100	roc_auc	0.6499999999999999	1.0
sigmoid	450	100	roc_auc	0.7	0.6772727272727272
sigmoid	450	100	roc_auc	0.7499999999999998	0.6318181818181818
sigmoid	450	100	roc_auc	0.7999999999999998	0.5846774193548387
sigmoid	450	100	mse	0.2	0.9997067448680351
sigmoid	450	100	mse	0.25	0.9994868035190616
sigmoid	450	100	mse	0.3	0.6454545454545455
sigmoid	450	100	mse	0.35	1.0
sigmoid	450	100	mse	0.39999999999999997	0.6681818181818182
sigmoid	450	100	mse	0.44999999999999996	0.7272727272727273
sigmoid	450	100	mse	0.49999999999999994	1.0
sigmoid	450	100	mse	0.5499999999999999	0.8045454545454546
sigmoid	450	100	mse	0.5999999999999999	0.9998533724340176
sigmoid	450	100	mse	0.6499999999999999	0.9997800586510264
sigmoid	450	100	mse	0.7	0.9993401759530791
sigmoid	450	100	mse	0.7499999999999998	0.6409090909090909
sigmoid	450	100	mse	0.7999999999999998	0.6318181818181818
sigmoid	450	125	roc_auc	0.2	0.9997067448680351
sigmoid	450	125	roc_auc	0.25	1.0
sigmoid	450	125	roc_auc	0.3	0.6590909090909091
sigmoid	450	125	roc_auc	0.35	0.9999266862170088
sigmoid	450	125	roc_auc	0.39999999999999997	0.9980938416422287
sigmoid	450	125	roc_auc	0.44999999999999996	0.6318181818181818
sigmoid	450	125	roc_auc	0.49999999999999994	0.6454545454545455
sigmoid	450	125	roc_auc	0.5499999999999999	0.6318181818181818
sigmoid	450	125	roc_auc	0.5999999999999999	0.9999266862170089
sigmoid	450	125	roc_auc	0.6499999999999999	0.9997800586510264
sigmoid	450	125	roc_auc	0.7	0.9997800586510264
sigmoid	450	125	roc_auc	0.7499999999999998	0.5766129032258065
sigmoid	450	125	roc_auc	0.7999999999999998	0.5967741935483871
sigmoid	450	125	mse	0.2	0.9999266862170089
sigmoid	450	125	mse	0.25	0.9999266862170089
sigmoid	450	125	mse	0.3	0.5967741935483871
sigmoid	450	125	mse	0.35	0.5846774193548387
sigmoid	450	125	mse	0.39999999999999997	0.6363636363636364
sigmoid	450	125	mse	0.44999999999999996	0.5967741935483871
sigmoid	450	125	mse	0.49999999999999994	0.592741935483871
sigmoid	450	125	mse	0.5499999999999999	0.6318181818181818
sigmoid	450	125	mse	0.5999999999999999	0.6954545454545454
sigmoid	450	125	mse	0.6499999999999999	0.9995601173020527
sigmoid	450	125	mse	0.7	0.9983870967741935
sigmoid	450	125	mse	0.7499999999999998	0.9994134897360702
sigmoid	450	125	mse	0.7999999999999998	0.6008064516129032
sigmoid	450	150	roc_auc	0.2	0.9999266862170088
sigmoid	450	150	roc_auc	0.25	0.6318181818181818
sigmoid	450	150	roc_auc	0.3	0.6272727272727272
sigmoid	450	150	roc_auc	0.35	0.5967741935483871
sigmoid	450	150	roc_auc	0.39999999999999997	0.65
sigmoid	450	150	roc_auc	0.44999999999999996	0.6318181818181818
sigmoid	450	150	roc_auc	0.49999999999999994	0.9991935483870968
sigmoid	450	150	roc_auc	0.5499999999999999	0.9528225806451613
sigmoid	450	150	roc_auc	0.5999999999999999	0.9999266862170088
sigmoid	450	150	roc_auc	0.6499999999999999	0.7681818181818182
sigmoid	450	150	roc_auc	0.7	1.0
sigmoid	450	150	roc_auc	0.7499999999999998	0.9995601173020529
sigmoid	450	150	roc_auc	0.7999999999999998	0.9999266862170089
sigmoid	450	150	mse	0.2	1.0
sigmoid	450	150	mse	0.25	0.6318181818181818
sigmoid	450	150	mse	0.3	1.0
sigmoid	450	150	mse	0.35	0.6272727272727272
sigmoid	450	150	mse	0.39999999999999997	0.65
sigmoid	450	150	mse	0.44999999999999996	0.9997067448680352
sigmoid	450	150	mse	0.49999999999999994	1.0
sigmoid	450	150	mse	0.5499999999999999	0.9999266862170088
sigmoid	450	150	mse	0.5999999999999999	0.9999266862170089
sigmoid	450	150	mse	0.6499999999999999	0.9998533724340175
sigmoid	450	150	mse	0.7	0.9951979472140762
sigmoid	450	150	mse	0.7499999999999998	0.9999266862170088
sigmoid	450	150	mse	0.7999999999999998	0.6318181818181818
sigmoid	450	175	roc_auc	0.2	1.0
sigmoid	450	175	roc_auc	0.25	0.65
sigmoid	450	175	roc_auc	0.3	0.6318181818181818
sigmoid	450	175	roc_auc	0.35	1.0
sigmoid	450	175	roc_auc	0.39999999999999997	0.5806451612903225
sigmoid	450	175	roc_auc	0.44999999999999996	0.9986803519061583
sigmoid	450	175	roc_auc	0.49999999999999994	0.9999266862170088
sigmoid	450	175	roc_auc	0.5499999999999999	0.9947214076246333
sigmoid	450	175	roc_auc	0.5999999999999999	0.98475073313783
sigmoid	450	175	roc_auc	0.6499999999999999	0.6181818181818182
sigmoid	450	175	roc_auc	0.7	0.9997800586510264
sigmoid	450	175	roc_auc	0.7499999999999998	0.6363636363636364
sigmoid	450	175	roc_auc	0.7999999999999998	0.5766129032258065
sigmoid	450	175	mse	0.2	0.6318181818181818
sigmoid	450	175	mse	0.25	0.6136363636363636
sigmoid	450	175	mse	0.3	0.592741935483871
sigmoid	450	175	mse	0.35	0.6409090909090909
sigmoid	450	175	mse	0.39999999999999997	0.6318181818181818
sigmoid	450	175	mse	0.44999999999999996	0.9978005865102639
sigmoid	450	175	mse	0.49999999999999994	0.5967741935483871
sigmoid	450	175	mse	0.5499999999999999	0.5846774193548387
sigmoid	450	175	mse	0.5999999999999999	0.6318181818181818
sigmoid	450	175	mse	0.6499999999999999	0.995124633431085
sigmoid	450	175	mse	0.7	0.9997067448680352
sigmoid	450	175	mse	0.7499999999999998	0.6136363636363636
sigmoid	450	175	mse	0.7999999999999998	0.5806451612903225
sigmoid	450	200	roc_auc	0.2	1.0
sigmoid	450	200	roc_auc	0.25	0.9999266862170089
sigmoid	450	200	roc_auc	0.3	0.9999266862170088
sigmoid	450	200	roc_auc	0.35	0.6636363636363636
sigmoid	450	200	roc_auc	0.39999999999999997	0.6454545454545455
sigmoid	450	200	roc_auc	0.44999999999999996	1.0
sigmoid	450	200	roc_auc	0.49999999999999994	0.9999266862170088
sigmoid	450	200	roc_auc	0.5499999999999999	1.0
sigmoid	450	200	roc_auc	0.5999999999999999	1.0
sigmoid	450	200	roc_auc	0.6499999999999999	0.6318181818181818
sigmoid	450	200	roc_auc	0.7	0.9998533724340176
sigmoid	450	200	roc_auc	0.7499999999999998	0.5846774193548387
sigmoid	450	200	roc_auc	0.7999999999999998	0.5846774193548387
sigmoid	450	200	mse	0.2	0.6318181818181818
sigmoid	450	200	mse	0.25	0.6409090909090909
sigmoid	450	200	mse	0.3	1.0
sigmoid	450	200	mse	0.35	1.0
sigmoid	450	200	mse	0.39999999999999997	0.9990469208211143
sigmoid	450	200	mse	0.44999999999999996	0.6318181818181818
sigmoid	450	200	mse	0.49999999999999994	1.0
sigmoid	450	200	mse	0.5499999999999999	0.9981304985337244
sigmoid	450	200	mse	0.5999999999999999	1.0
sigmoid	450	200	mse	0.6499999999999999	0.9946480938416422
sigmoid	450	200	mse	0.7	0.6227272727272727
sigmoid	450	200	mse	0.7499999999999998	0.9981671554252199
sigmoid	450	200	mse	0.7999999999999998	0.9986070381231672
sigmoid	450	225	roc_auc	0.2	0.592741935483871
sigmoid	450	225	roc_auc	0.25	0.6318181818181818
sigmoid	450	225	roc_auc	0.3	0.6272727272727272
sigmoid	450	225	roc_auc	0.35	0.9991568914956013
sigmoid	450	225	roc_auc	0.39999999999999997	0.9986803519061584
sigmoid	450	225	roc_auc	0.44999999999999996	0.5806451612903225
sigmoid	450	225	roc_auc	0.49999999999999994	0.9994134897360702
sigmoid	450	225	roc_auc	0.5499999999999999	0.9998533724340175
sigmoid	450	225	roc_auc	0.5999999999999999	0.6272727272727272
sigmoid	450	225	roc_auc	0.6499999999999999	0.6136363636363636
sigmoid	450	225	roc_auc	0.7	0.9958944281524927
sigmoid	450	225	roc_auc	0.7499999999999998	0.9991202346041055
sigmoid	450	225	roc_auc	0.7999999999999998	0.5806451612903225
sigmoid	450	225	mse	0.2	0.5887096774193548
sigmoid	450	225	mse	0.25	0.6318181818181818
sigmoid	450	225	mse	0.3	0.9994868035190616
sigmoid	450	225	mse	0.35	0.6318181818181818
sigmoid	450	225	mse	0.39999999999999997	0.9996334310850441
sigmoid	450	225	mse	0.44999999999999996	0.9999266862170089
sigmoid	450	225	mse	0.49999999999999994	0.5806451612903225
sigmoid	450	225	mse	0.5499999999999999	0.5806451612903225
sigmoid	450	225	mse	0.5999999999999999	0.5846774193548387
sigmoid	450	225	mse	0.6499999999999999	1.0
sigmoid	450	225	mse	0.7	0.5806451612903225
sigmoid	450	225	mse	0.7499999999999998	0.9986803519061584
sigmoid	450	225	mse	0.7999999999999998	0.6227272727272727
ReLU	300	50	roc_auc	0.0002	0.9982404692082112
ReLU	300	50	roc_auc	0.00025	0.5
ReLU	300	50	roc_auc	0.00030000000000000003	0.5
ReLU	300	50	roc_auc	0.00035	0.5
ReLU	300	50	roc_auc	0.00039999999999999996	0.5
ReLU	300	50	roc_auc	0.00045	0.5
ReLU	300	50	roc_auc	0.0005	0.5
ReLU	300	50	roc_auc	0.0005499999999999999	0.5
ReLU	300	50	roc_auc	0.0006	0.5
ReLU	300	50	roc_auc	0.00065	0.5
ReLU	300	50	roc_auc	0.0007	0.5
ReLU	300	50	roc_auc	0.0007499999999999999	0.5
ReLU	300	50	mse	0.0002	0.5
ReLU	300	50	mse	0.00025	0.5
ReLU	300	50	mse	0.00030000000000000003	0.5
ReLU	300	50	mse	0.00035	0.5
ReLU	300	50	mse	0.00039999999999999996	0.5
ReLU	300	50	mse	0.00045	0.5
ReLU	300	50	mse	0.0005	0.5
ReLU	300	50	mse	0.0005499999999999999	0.5
ReLU	300	50	mse	0.0006	0.5
ReLU	300	50	mse	0.00065	0.5
ReLU	300	50	mse	0.0007	0.5
ReLU	300	50	mse	0.0007499999999999999	0.5
ReLU	300	75	roc_auc	0.0002	0.5
ReLU	300	75	roc_auc	0.00025	0.5
ReLU	300	75	roc_auc	0.00030000000000000003	0.5
ReLU	300	75	roc_auc	0.00035	0.5
ReLU	300	75	roc_auc	0.00039999999999999996	0.5
ReLU	300	75	roc_auc	0.00045	0.5
ReLU	300	75	roc_auc	0.0005	0.5
ReLU	300	75	roc_auc	0.0005499999999999999	0.5
ReLU	300	75	roc_auc	0.0006	0.5
ReLU	300	75	roc_auc	0.00065	0.5
ReLU	300	75	roc_auc	0.0007	0.5
ReLU	300	75	roc_auc	0.0007499999999999999	0.5
ReLU	300	75	mse	0.0002	0.5
ReLU	300	75	mse	0.00025	0.5
ReLU	300	75	mse	0.00030000000000000003	0.5
ReLU	300	75	mse	0.00035	0.5
ReLU	300	75	mse	0.00039999999999999996	0.5
ReLU	300	75	mse	0.00045	0.5
ReLU	300	75	mse	0.0005	0.5
ReLU	300	75	mse	0.0005499999999999999	0.5
ReLU	300	75	mse	0.0006	0.5
ReLU	300	75	mse	0.00065	0.5
ReLU	300	75	mse	0.0007	0.5
ReLU	300	75	mse	0.0007499999999999999	0.5
ReLU	300	100	roc_auc	0.0002	0.5
ReLU	300	100	roc_auc	0.00025	0.5
ReLU	300	100	roc_auc	0.00030000000000000003	0.5
ReLU	300	100	roc_auc	0.00035	0.5
ReLU	300	100	roc_auc	0.00039999999999999996	0.5
ReLU	300	100	roc_auc	0.00045	0.5
ReLU	300	100	roc_auc	0.0005	0.5
ReLU	300	100	roc_auc	0.0005499999999999999	0.5
ReLU	300	100	roc_auc	0.0006	0.5
ReLU	300	100	roc_auc	0.00065	0.5
ReLU	300	100	roc_auc	0.0007	0.5
ReLU	300	100	roc_auc	0.0007499999999999999	0.5
ReLU	300	100	mse	0.0002	0.5
ReLU	300	100	mse	0.00025	0.5
ReLU	300	100	mse	0.00030000000000000003	0.5
ReLU	300	100	mse	0.00035	0.5
ReLU	300	100	mse	0.00039999999999999996	0.5
ReLU	300	100	mse	0.00045	0.5
ReLU	300	100	mse	0.0005	0.5
ReLU	300	100	mse	0.0005499999999999999	0.5
ReLU	300	100	mse	0.0006	0.5
ReLU	300	100	mse	0.00065	0.5
ReLU	300	100	mse	0.0007	0.5
ReLU	300	100	mse	0.0007499999999999999	0.5
ReLU	300	125	roc_auc	0.0002	0.4838709677419355
ReLU	300	125	roc_auc	0.00025	0.5
ReLU	300	125	roc_auc	0.00030000000000000003	0.5
ReLU	300	125	roc_auc	0.00035	0.5
ReLU	300	125	roc_auc	0.00039999999999999996	0.5
ReLU	300	125	roc_auc	0.00045	0.5
ReLU	300	125	roc_auc	0.0005	0.5
ReLU	300	125	roc_auc	0.0005499999999999999	0.5
ReLU	300	125	roc_auc	0.0006	0.5
ReLU	300	125	roc_auc	0.00065	0.5
ReLU	300	125	roc_auc	0.0007	0.5
ReLU	300	125	roc_auc	0.0007499999999999999	0.5
ReLU	300	125	mse	0.0002	0.5
ReLU	300	125	mse	0.00025	0.5
ReLU	300	125	mse	0.00030000000000000003	0.5
ReLU	300	125	mse	0.00035	0.5
ReLU	300	125	mse	0.00039999999999999996	0.5
ReLU	300	125	mse	0.00045	0.5
ReLU	300	125	mse	0.0005	0.5
ReLU	300	125	mse	0.0005499999999999999	0.5
ReLU	300	125	mse	0.0006	0.5
ReLU	300	125	mse	0.00065	0.5
ReLU	300	125	mse	0.0007	0.5
ReLU	300	125	mse	0.0007499999999999999	0.5
ReLU	300	150	roc_auc	0.0002	0.5
ReLU	300	150	roc_auc	0.00025	0.5
ReLU	300	150	roc_auc	0.00030000000000000003	0.5
ReLU	300	150	roc_auc	0.00035	0.5
ReLU	300	150	roc_auc	0.00039999999999999996	0.5
ReLU	300	150	roc_auc	0.00045	0.5
ReLU	300	150	roc_auc	0.0005	0.5
ReLU	300	150	roc_auc	0.0005499999999999999	0.5
ReLU	300	150	roc_auc	0.0006	0.5
ReLU	300	150	roc_auc	0.00065	0.5
ReLU	300	150	roc_auc	0.0007	0.5
ReLU	300	150	roc_auc	0.0007499999999999999	0.5
ReLU	300	150	mse	0.0002	0.5
ReLU	300	150	mse	0.00025	0.5
ReLU	300	150	mse	0.00030000000000000003	0.5
ReLU	300	150	mse	0.00035	0.5
ReLU	300	150	mse	0.00039999999999999996	0.5
ReLU	300	150	mse	0.00045	0.5
ReLU	300	150	mse	0.0005	0.5
ReLU	300	150	mse	0.0005499999999999999	0.5
ReLU	300	150	mse	0.0006	0.5
ReLU	300	150	mse	0.00065	0.5
ReLU	300	150	mse	0.0007	0.5
ReLU	300	150	mse	0.0007499999999999999	0.5
ReLU	300	175	roc_auc	0.0002	0.5
ReLU	300	175	roc_auc	0.00025	0.5
ReLU	300	175	roc_auc	0.00030000000000000003	0.5
ReLU	300	175	roc_auc	0.00035	0.5
ReLU	300	175	roc_auc	0.00039999999999999996	0.5
ReLU	300	175	roc_auc	0.00045	0.5
ReLU	300	175	roc_auc	0.0005	0.5
ReLU	300	175	roc_auc	0.0005499999999999999	0.5
ReLU	300	175	roc_auc	0.0006	0.5
ReLU	300	175	roc_auc	0.00065	0.5
ReLU	300	175	roc_auc	0.0007	0.5
ReLU	300	175	roc_auc	0.0007499999999999999	0.5
ReLU	300	175	mse	0.0002	0.5
ReLU	300	175	mse	0.00025	0.5
ReLU	300	175	mse	0.00030000000000000003	0.5
ReLU	300	175	mse	0.00035	0.5
ReLU	300	175	mse	0.00039999999999999996	0.5
ReLU	300	175	mse	0.00045	0.5
ReLU	300	175	mse	0.0005	0.5
ReLU	300	175	mse	0.0005499999999999999	0.5
ReLU	300	175	mse	0.0006	0.5
ReLU	300	175	mse	0.00065	0.5
ReLU	300	175	mse	0.0007	0.5
ReLU	300	175	mse	0.0007499999999999999	0.5
ReLU	300	200	roc_auc	0.0002	0.5
ReLU	300	200	roc_auc	0.00025	0.5
ReLU	300	200	roc_auc	0.00030000000000000003	0.5
ReLU	300	200	roc_auc	0.00035	0.5
ReLU	300	200	roc_auc	0.00039999999999999996	0.5
ReLU	300	200	roc_auc	0.00045	0.5
ReLU	300	200	roc_auc	0.0005	0.5
ReLU	300	200	roc_auc	0.0005499999999999999	0.5
ReLU	300	200	roc_auc	0.0006	0.5
ReLU	300	200	roc_auc	0.00065	0.5
ReLU	300	200	roc_auc	0.0007	0.5
ReLU	300	200	roc_auc	0.0007499999999999999	0.5
ReLU	300	200	mse	0.0002	0.5
ReLU	300	200	mse	0.00025	0.5
ReLU	300	200	mse	0.00030000000000000003	0.5
ReLU	300	200	mse	0.00035	0.5
ReLU	300	200	mse	0.00039999999999999996	0.4959677419354839
ReLU	300	200	mse	0.00045	0.5
ReLU	300	200	mse	0.0005	0.5
ReLU	300	200	mse	0.0005499999999999999	0.5
ReLU	300	200	mse	0.0006	0.5
ReLU	300	200	mse	0.00065	0.5
ReLU	300	200	mse	0.0007	0.5
ReLU	300	200	mse	0.0007499999999999999	0.5
ReLU	300	225	roc_auc	0.0002	0.5
ReLU	300	225	roc_auc	0.00025	0.5
ReLU	300	225	roc_auc	0.00030000000000000003	0.5
ReLU	300	225	roc_auc	0.00035	0.5
ReLU	300	225	roc_auc	0.00039999999999999996	0.5
ReLU	300	225	roc_auc	0.00045	0.5
ReLU	300	225	roc_auc	0.0005	0.5
ReLU	300	225	roc_auc	0.0005499999999999999	0.5
ReLU	300	225	roc_auc	0.0006	0.5
ReLU	300	225	roc_auc	0.00065	0.5
ReLU	300	225	roc_auc	0.0007	0.5
ReLU	300	225	roc_auc	0.0007499999999999999	0.5
ReLU	300	225	mse	0.0002	0.5
ReLU	300	225	mse	0.00025	0.5
ReLU	300	225	mse	0.00030000000000000003	0.5
ReLU	300	225	mse	0.00035	0.5
ReLU	300	225	mse	0.00039999999999999996	0.5
ReLU	300	225	mse	0.00045	0.5
ReLU	300	225	mse	0.0005	0.5
ReLU	300	225	mse	0.0005499999999999999	0.5
ReLU	300	225	mse	0.0006	0.5
ReLU	300	225	mse	0.00065	0.5
ReLU	300	225	mse	0.0007	0.5
ReLU	300	225	mse	0.0007499999999999999	0.5
ReLU	350	50	roc_auc	0.0002	0.5
ReLU	350	50	roc_auc	0.00025	0.5
ReLU	350	50	roc_auc	0.00030000000000000003	0.509090909090909
ReLU	350	50	roc_auc	0.00035	0.5
ReLU	350	50	roc_auc	0.00039999999999999996	0.5
ReLU	350	50	roc_auc	0.00045	0.5
ReLU	350	50	roc_auc	0.0005	0.5
ReLU	350	50	roc_auc	0.0005499999999999999	0.5
ReLU	350	50	roc_auc	0.0006	0.5
ReLU	350	50	roc_auc	0.00065	0.5
ReLU	350	50	roc_auc	0.0007	0.5
ReLU	350	50	roc_auc	0.0007499999999999999	0.5
ReLU	350	50	mse	0.0002	0.5
ReLU	350	50	mse	0.00025	0.5
ReLU	350	50	mse	0.00030000000000000003	0.5
ReLU	350	50	mse	0.00035	0.5
ReLU	350	50	mse	0.00039999999999999996	0.5
ReLU	350	50	mse	0.00045	0.5
ReLU	350	50	mse	0.0005	0.5
ReLU	350	50	mse	0.0005499999999999999	0.5
ReLU	350	50	mse	0.0006	0.5
ReLU	350	50	mse	0.00065	0.5
ReLU	350	50	mse	0.0007	0.5
ReLU	350	50	mse	0.0007499999999999999	0.5
ReLU	350	75	roc_auc	0.0002	0.5
ReLU	350	75	roc_auc	0.00025	0.5
ReLU	350	75	roc_auc	0.00030000000000000003	0.5
ReLU	350	75	roc_auc	0.00035	0.5
ReLU	350	75	roc_auc	0.00039999999999999996	0.5
ReLU	350	75	roc_auc	0.00045	0.5
ReLU	350	75	roc_auc	0.0005	0.5
ReLU	350	75	roc_auc	0.0005499999999999999	0.5
ReLU	350	75	roc_auc	0.0006	0.5
ReLU	350	75	roc_auc	0.00065	0.5
ReLU	350	75	roc_auc	0.0007	0.5
ReLU	350	75	roc_auc	0.0007499999999999999	0.5
ReLU	350	75	mse	0.0002	0.5
ReLU	350	75	mse	0.00025	0.5
ReLU	350	75	mse	0.00030000000000000003	0.5
ReLU	350	75	mse	0.00035	0.5
ReLU	350	75	mse	0.00039999999999999996	0.5
ReLU	350	75	mse	0.00045	0.5
ReLU	350	75	mse	0.0005	0.5
ReLU	350	75	mse	0.0005499999999999999	0.5
ReLU	350	75	mse	0.0006	0.5
ReLU	350	75	mse	0.00065	0.5
ReLU	350	75	mse	0.0007	0.5
ReLU	350	75	mse	0.0007499999999999999	0.5
ReLU	350	100	roc_auc	0.0002	0.5
ReLU	350	100	roc_auc	0.00025	0.5
ReLU	350	100	roc_auc	0.00030000000000000003	0.5
ReLU	350	100	roc_auc	0.00035	0.5
ReLU	350	100	roc_auc	0.00039999999999999996	0.5
ReLU	350	100	roc_auc	0.00045	0.5
ReLU	350	100	roc_auc	0.0005	0.5
ReLU	350	100	roc_auc	0.0005499999999999999	0.5
ReLU	350	100	roc_auc	0.0006	0.5
ReLU	350	100	roc_auc	0.00065	0.5
ReLU	350	100	roc_auc	0.0007	0.5
ReLU	350	100	roc_auc	0.0007499999999999999	0.5
ReLU	350	100	mse	0.0002	0.5
ReLU	350	100	mse	0.00025	0.5
ReLU	350	100	mse	0.00030000000000000003	0.5
ReLU	350	100	mse	0.00035	0.5
ReLU	350	100	mse	0.00039999999999999996	0.5
ReLU	350	100	mse	0.00045	0.5
ReLU	350	100	mse	0.0005	0.5
ReLU	350	100	mse	0.0005499999999999999	0.5
ReLU	350	100	mse	0.0006	0.5
ReLU	350	100	mse	0.00065	0.5
ReLU	350	100	mse	0.0007	0.5
ReLU	350	100	mse	0.0007499999999999999	0.5
ReLU	350	125	roc_auc	0.0002	0.5
ReLU	350	125	roc_auc	0.00025	0.5
ReLU	350	125	roc_auc	0.00030000000000000003	0.5
ReLU	350	125	roc_auc	0.00035	0.5
ReLU	350	125	roc_auc	0.00039999999999999996	0.5
ReLU	350	125	roc_auc	0.00045	0.5
ReLU	350	125	roc_auc	0.0005	0.5
ReLU	350	125	roc_auc	0.0005499999999999999	0.5
ReLU	350	125	roc_auc	0.0006	0.5
ReLU	350	125	roc_auc	0.00065	0.5
ReLU	350	125	roc_auc	0.0007	0.5
ReLU	350	125	roc_auc	0.0007499999999999999	0.5
ReLU	350	125	mse	0.0002	0.5
ReLU	350	125	mse	0.00025	0.5
ReLU	350	125	mse	0.00030000000000000003	0.5
ReLU	350	125	mse	0.00035	0.5
ReLU	350	125	mse	0.00039999999999999996	0.5
ReLU	350	125	mse	0.00045	0.5
ReLU	350	125	mse	0.0005	0.5
ReLU	350	125	mse	0.0005499999999999999	0.5
ReLU	350	125	mse	0.0006	0.5
ReLU	350	125	mse	0.00065	0.5
ReLU	350	125	mse	0.0007	0.5
ReLU	350	125	mse	0.0007499999999999999	0.5
ReLU	350	150	roc_auc	0.0002	0.5
ReLU	350	150	roc_auc	0.00025	0.5
ReLU	350	150	roc_auc	0.00030000000000000003	0.5
ReLU	350	150	roc_auc	0.00035	0.5
ReLU	350	150	roc_auc	0.00039999999999999996	0.5
ReLU	350	150	roc_auc	0.00045	0.5
ReLU	350	150	roc_auc	0.0005	0.5
ReLU	350	150	roc_auc	0.0005499999999999999	0.5
ReLU	350	150	roc_auc	0.0006	0.5
ReLU	350	150	roc_auc	0.00065	0.5
ReLU	350	150	roc_auc	0.0007	0.5
ReLU	350	150	roc_auc	0.0007499999999999999	0.5
ReLU	350	150	mse	0.0002	0.5
ReLU	350	150	mse	0.00025	0.5
ReLU	350	150	mse	0.00030000000000000003	0.5
ReLU	350	150	mse	0.00035	0.5
ReLU	350	150	mse	0.00039999999999999996	0.5
ReLU	350	150	mse	0.00045	0.5
ReLU	350	150	mse	0.0005	0.5
ReLU	350	150	mse	0.0005499999999999999	0.5
ReLU	350	150	mse	0.0006	0.5
ReLU	350	150	mse	0.00065	0.5
ReLU	350	150	mse	0.0007	0.5
ReLU	350	150	mse	0.0007499999999999999	0.5
ReLU	350	175	roc_auc	0.0002	0.5
ReLU	350	175	roc_auc	0.00025	0.5
ReLU	350	175	roc_auc	0.00030000000000000003	0.5
ReLU	350	175	roc_auc	0.00035	0.5
ReLU	350	175	roc_auc	0.00039999999999999996	0.5
ReLU	350	175	roc_auc	0.00045	0.5
ReLU	350	175	roc_auc	0.0005	0.5
ReLU	350	175	roc_auc	0.0005499999999999999	0.5
ReLU	350	175	roc_auc	0.0006	0.5
ReLU	350	175	roc_auc	0.00065	0.5
ReLU	350	175	roc_auc	0.0007	0.5
ReLU	350	175	roc_auc	0.0007499999999999999	0.5
ReLU	350	175	mse	0.0002	0.5
ReLU	350	175	mse	0.00025	0.5
ReLU	350	175	mse	0.00030000000000000003	0.5
ReLU	350	175	mse	0.00035	0.5
ReLU	350	175	mse	0.00039999999999999996	0.5
ReLU	350	175	mse	0.00045	0.5
ReLU	350	175	mse	0.0005	0.5
ReLU	350	175	mse	0.0005499999999999999	0.5
ReLU	350	175	mse	0.0006	0.5
ReLU	350	175	mse	0.00065	0.5
ReLU	350	175	mse	0.0007	0.5
ReLU	350	175	mse	0.0007499999999999999	0.5
ReLU	350	200	roc_auc	0.0002	0.5
ReLU	350	200	roc_auc	0.00025	0.5
ReLU	350	200	roc_auc	0.00030000000000000003	0.5
ReLU	350	200	roc_auc	0.00035	0.5
ReLU	350	200	roc_auc	0.00039999999999999996	0.5
ReLU	350	200	roc_auc	0.00045	0.5
ReLU	350	200	roc_auc	0.0005	0.5
ReLU	350	200	roc_auc	0.0005499999999999999	0.5
ReLU	350	200	roc_auc	0.0006	0.5
ReLU	350	200	roc_auc	0.00065	0.5
ReLU	350	200	roc_auc	0.0007	0.5
ReLU	350	200	roc_auc	0.0007499999999999999	0.5
ReLU	350	200	mse	0.0002	0.5
ReLU	350	200	mse	0.00025	0.5
ReLU	350	200	mse	0.00030000000000000003	0.5
ReLU	350	200	mse	0.00035	0.5
ReLU	350	200	mse	0.00039999999999999996	0.5
ReLU	350	200	mse	0.00045	0.5
ReLU	350	200	mse	0.0005	0.5
ReLU	350	200	mse	0.0005499999999999999	0.5
ReLU	350	200	mse	0.0006	0.5
ReLU	350	200	mse	0.00065	0.5
ReLU	350	200	mse	0.0007	0.5
ReLU	350	200	mse	0.0007499999999999999	0.5
ReLU	350	225	roc_auc	0.0002	0.5
ReLU	350	225	roc_auc	0.00025	0.5
ReLU	350	225	roc_auc	0.00030000000000000003	0.5
ReLU	350	225	roc_auc	0.00035	0.5
ReLU	350	225	roc_auc	0.00039999999999999996	0.5
ReLU	350	225	roc_auc	0.00045	0.5
ReLU	350	225	roc_auc	0.0005	0.5
ReLU	350	225	roc_auc	0.0005499999999999999	0.5
ReLU	350	225	roc_auc	0.0006	0.5
ReLU	350	225	roc_auc	0.00065	0.5
ReLU	350	225	roc_auc	0.0007	0.5
ReLU	350	225	roc_auc	0.0007499999999999999	0.5
ReLU	350	225	mse	0.0002	0.5
ReLU	350	225	mse	0.00025	0.5
ReLU	350	225	mse	0.00030000000000000003	0.5
ReLU	350	225	mse	0.00035	0.5
ReLU	350	225	mse	0.00039999999999999996	0.5
ReLU	350	225	mse	0.00045	0.5
ReLU	350	225	mse	0.0005	0.5
ReLU	350	225	mse	0.0005499999999999999	0.5
ReLU	350	225	mse	0.0006	0.5
ReLU	350	225	mse	0.00065	0.5
ReLU	350	225	mse	0.0007	0.5
ReLU	350	225	mse	0.0007499999999999999	0.5
ReLU	400	50	roc_auc	0.0002	0.5
ReLU	400	50	roc_auc	0.00025	0.5
ReLU	400	50	roc_auc	0.00030000000000000003	0.5
ReLU	400	50	roc_auc	0.00035	0.5
ReLU	400	50	roc_auc	0.00039999999999999996	0.5
ReLU	400	50	roc_auc	0.00045	0.5
ReLU	400	50	roc_auc	0.0005	0.5
ReLU	400	50	roc_auc	0.0005499999999999999	0.5
ReLU	400	50	roc_auc	0.0006	0.5
ReLU	400	50	roc_auc	0.00065	0.5
ReLU	400	50	roc_auc	0.0007	0.5
ReLU	400	50	roc_auc	0.0007499999999999999	0.5
ReLU	400	50	mse	0.0002	0.5
ReLU	400	50	mse	0.00025	0.9968475073313783
ReLU	400	50	mse	0.00030000000000000003	0.5
ReLU	400	50	mse	0.00035	0.5
ReLU	400	50	mse	0.00039999999999999996	0.5
ReLU	400	50	mse	0.00045	0.5
ReLU	400	50	mse	0.0005	0.5
ReLU	400	50	mse	0.0005499999999999999	0.5
ReLU	400	50	mse	0.0006	0.5
ReLU	400	50	mse	0.00065	0.5
ReLU	400	50	mse	0.0007	0.5
ReLU	400	50	mse	0.0007499999999999999	0.5
ReLU	400	75	roc_auc	0.0002	0.5
ReLU	400	75	roc_auc	0.00025	0.5
ReLU	400	75	roc_auc	0.00030000000000000003	0.5
ReLU	400	75	roc_auc	0.00035	0.5
ReLU	400	75	roc_auc	0.00039999999999999996	0.5
ReLU	400	75	roc_auc	0.00045	0.5
ReLU	400	75	roc_auc	0.0005	0.5
ReLU	400	75	roc_auc	0.0005499999999999999	0.5
ReLU	400	75	roc_auc	0.0006	0.5
ReLU	400	75	roc_auc	0.00065	0.5
ReLU	400	75	roc_auc	0.0007	0.5
ReLU	400	75	roc_auc	0.0007499999999999999	0.5
ReLU	400	75	mse	0.0002	0.5
ReLU	400	75	mse	0.00025	0.5
ReLU	400	75	mse	0.00030000000000000003	0.5
ReLU	400	75	mse	0.00035	0.5
ReLU	400	75	mse	0.00039999999999999996	0.5
ReLU	400	75	mse	0.00045	0.5
ReLU	400	75	mse	0.0005	0.5
ReLU	400	75	mse	0.0005499999999999999	0.5
ReLU	400	75	mse	0.0006	0.5
ReLU	400	75	mse	0.00065	0.5
ReLU	400	75	mse	0.0007	0.5
ReLU	400	75	mse	0.0007499999999999999	0.5
ReLU	400	100	roc_auc	0.0002	0.5
ReLU	400	100	roc_auc	0.00025	0.5
ReLU	400	100	roc_auc	0.00030000000000000003	0.5
ReLU	400	100	roc_auc	0.00035	0.5
ReLU	400	100	roc_auc	0.00039999999999999996	0.5
ReLU	400	100	roc_auc	0.00045	0.5
ReLU	400	100	roc_auc	0.0005	0.5
ReLU	400	100	roc_auc	0.0005499999999999999	0.5
ReLU	400	100	roc_auc	0.0006	0.5
ReLU	400	100	roc_auc	0.00065	0.5
ReLU	400	100	roc_auc	0.0007	0.5
ReLU	400	100	roc_auc	0.0007499999999999999	0.5
ReLU	400	100	mse	0.0002	0.5
ReLU	400	100	mse	0.00025	0.5
ReLU	400	100	mse	0.00030000000000000003	0.5
ReLU	400	100	mse	0.00035	0.5
ReLU	400	100	mse	0.00039999999999999996	0.5
ReLU	400	100	mse	0.00045	0.5
ReLU	400	100	mse	0.0005	0.5
ReLU	400	100	mse	0.0005499999999999999	0.5
ReLU	400	100	mse	0.0006	0.5
ReLU	400	100	mse	0.00065	0.5
ReLU	400	100	mse	0.0007	0.5
ReLU	400	100	mse	0.0007499999999999999	0.5
ReLU	400	125	roc_auc	0.0002	0.5
ReLU	400	125	roc_auc	0.00025	0.5
ReLU	400	125	roc_auc	0.00030000000000000003	0.5
ReLU	400	125	roc_auc	0.00035	0.5
ReLU	400	125	roc_auc	0.00039999999999999996	0.5
ReLU	400	125	roc_auc	0.00045	0.5
ReLU	400	125	roc_auc	0.0005	0.5
ReLU	400	125	roc_auc	0.0005499999999999999	0.5
ReLU	400	125	roc_auc	0.0006	0.5
ReLU	400	125	roc_auc	0.00065	0.5
ReLU	400	125	roc_auc	0.0007	0.5
ReLU	400	125	roc_auc	0.0007499999999999999	0.5
ReLU	400	125	mse	0.0002	0.5
ReLU	400	125	mse	0.00025	0.5
ReLU	400	125	mse	0.00030000000000000003	0.5
ReLU	400	125	mse	0.00035	0.5
ReLU	400	125	mse	0.00039999999999999996	0.5
ReLU	400	125	mse	0.00045	0.5
ReLU	400	125	mse	0.0005	0.5
ReLU	400	125	mse	0.0005499999999999999	0.5
ReLU	400	125	mse	0.0006	0.5
ReLU	400	125	mse	0.00065	0.5
ReLU	400	125	mse	0.0007	0.5
ReLU	400	125	mse	0.0007499999999999999	0.5
ReLU	400	150	roc_auc	0.0002	0.5
ReLU	400	150	roc_auc	0.00025	0.5
ReLU	400	150	roc_auc	0.00030000000000000003	0.5
ReLU	400	150	roc_auc	0.00035	0.5
ReLU	400	150	roc_auc	0.00039999999999999996	0.5
ReLU	400	150	roc_auc	0.00045	0.5
ReLU	400	150	roc_auc	0.0005	0.5
ReLU	400	150	roc_auc	0.0005499999999999999	0.5
ReLU	400	150	roc_auc	0.0006	0.5
ReLU	400	150	roc_auc	0.00065	0.5
ReLU	400	150	roc_auc	0.0007	0.5
ReLU	400	150	roc_auc	0.0007499999999999999	0.5
ReLU	400	150	mse	0.0002	0.5
ReLU	400	150	mse	0.00025	0.5
ReLU	400	150	mse	0.00030000000000000003	0.5
ReLU	400	150	mse	0.00035	0.5
ReLU	400	150	mse	0.00039999999999999996	0.5
ReLU	400	150	mse	0.00045	0.5
ReLU	400	150	mse	0.0005	0.5
ReLU	400	150	mse	0.0005499999999999999	0.5
ReLU	400	150	mse	0.0006	0.5
ReLU	400	150	mse	0.00065	0.49193548387096775
ReLU	400	150	mse	0.0007	0.5
ReLU	400	150	mse	0.0007499999999999999	0.5
ReLU	400	175	roc_auc	0.0002	0.5
ReLU	400	175	roc_auc	0.00025	0.5
ReLU	400	175	roc_auc	0.00030000000000000003	0.5
ReLU	400	175	roc_auc	0.00035	0.5
ReLU	400	175	roc_auc	0.00039999999999999996	0.5
ReLU	400	175	roc_auc	0.00045	0.5
ReLU	400	175	roc_auc	0.0005	0.5
ReLU	400	175	roc_auc	0.0005499999999999999	0.5
ReLU	400	175	roc_auc	0.0006	0.5
ReLU	400	175	roc_auc	0.00065	0.5
ReLU	400	175	roc_auc	0.0007	0.5
ReLU	400	175	roc_auc	0.0007499999999999999	0.5
ReLU	400	175	mse	0.0002	0.5
ReLU	400	175	mse	0.00025	0.5
ReLU	400	175	mse	0.00030000000000000003	0.5
ReLU	400	175	mse	0.00035	0.5
ReLU	400	175	mse	0.00039999999999999996	0.5
ReLU	400	175	mse	0.00045	0.5
ReLU	400	175	mse	0.0005	0.5
ReLU	400	175	mse	0.0005499999999999999	0.5
ReLU	400	175	mse	0.0006	0.5
ReLU	400	175	mse	0.00065	0.5
ReLU	400	175	mse	0.0007	0.5
ReLU	400	175	mse	0.0007499999999999999	0.5
ReLU	400	200	roc_auc	0.0002	0.5
ReLU	400	200	roc_auc	0.00025	0.5
ReLU	400	200	roc_auc	0.00030000000000000003	0.5
ReLU	400	200	roc_auc	0.00035	0.5
ReLU	400	200	roc_auc	0.00039999999999999996	0.4959677419354839
ReLU	400	200	roc_auc	0.00045	0.5
ReLU	400	200	roc_auc	0.0005	0.5
ReLU	400	200	roc_auc	0.0005499999999999999	0.5
ReLU	400	200	roc_auc	0.0006	0.5
ReLU	400	200	roc_auc	0.00065	0.5
ReLU	400	200	roc_auc	0.0007	0.5
ReLU	400	200	roc_auc	0.0007499999999999999	0.5
ReLU	400	200	mse	0.0002	0.5
ReLU	400	200	mse	0.00025	0.5
ReLU	400	200	mse	0.00030000000000000003	0.5
ReLU	400	200	mse	0.00035	0.5
ReLU	400	200	mse	0.00039999999999999996	0.5
ReLU	400	200	mse	0.00045	0.5
ReLU	400	200	mse	0.0005	0.5
ReLU	400	200	mse	0.0005499999999999999	0.5
ReLU	400	200	mse	0.0006	0.5
ReLU	400	200	mse	0.00065	0.5
ReLU	400	200	mse	0.0007	0.5
ReLU	400	200	mse	0.0007499999999999999	0.5
ReLU	400	225	roc_auc	0.0002	0.5
ReLU	400	225	roc_auc	0.00025	0.5
ReLU	400	225	roc_auc	0.00030000000000000003	0.5
ReLU	400	225	roc_auc	0.00035	0.5
ReLU	400	225	roc_auc	0.00039999999999999996	0.5
ReLU	400	225	roc_auc	0.00045	0.5
ReLU	400	225	roc_auc	0.0005	0.5
ReLU	400	225	roc_auc	0.0005499999999999999	0.5
ReLU	400	225	roc_auc	0.0006	0.5
ReLU	400	225	roc_auc	0.00065	0.5
ReLU	400	225	roc_auc	0.0007	0.5
ReLU	400	225	roc_auc	0.0007499999999999999	0.5
ReLU	400	225	mse	0.0002	0.5
ReLU	400	225	mse	0.00025	0.5
ReLU	400	225	mse	0.00030000000000000003	0.5
ReLU	400	225	mse	0.00035	0.5
ReLU	400	225	mse	0.00039999999999999996	0.5
ReLU	400	225	mse	0.00045	0.5
ReLU	400	225	mse	0.0005	0.5
ReLU	400	225	mse	0.0005499999999999999	0.5
ReLU	400	225	mse	0.0006	0.5
ReLU	400	225	mse	0.00065	0.5
ReLU	400	225	mse	0.0007	0.5
ReLU	400	225	mse	0.0007499999999999999	0.5
ReLU	450	50	roc_auc	0.0002	0.9993401759530791
ReLU	450	50	roc_auc	0.00025	0.5
ReLU	450	50	roc_auc	0.00030000000000000003	0.5
ReLU	450	50	roc_auc	0.00035	0.5
ReLU	450	50	roc_auc	0.00039999999999999996	0.5
ReLU	450	50	roc_auc	0.00045	0.5
ReLU	450	50	roc_auc	0.0005	0.5
ReLU	450	50	roc_auc	0.0005499999999999999	0.4959677419354839
ReLU	450	50	roc_auc	0.0006	0.5
ReLU	450	50	roc_auc	0.00065	0.5
ReLU	450	50	roc_auc	0.0007	0.5
ReLU	450	50	roc_auc	0.0007499999999999999	0.5
ReLU	450	50	mse	0.0002	0.5
ReLU	450	50	mse	0.00025	0.5
ReLU	450	50	mse	0.00030000000000000003	0.5
ReLU	450	50	mse	0.00035	0.5
ReLU	450	50	mse	0.00039999999999999996	0.5
ReLU	450	50	mse	0.00045	0.5
ReLU	450	50	mse	0.0005	0.5
ReLU	450	50	mse	0.0005499999999999999	0.5
ReLU	450	50	mse	0.0006	0.5
ReLU	450	50	mse	0.00065	0.5
ReLU	450	50	mse	0.0007	0.5
ReLU	450	50	mse	0.0007499999999999999	0.5
ReLU	450	75	roc_auc	0.0002	0.5
ReLU	450	75	roc_auc	0.00025	0.5
ReLU	450	75	roc_auc	0.00030000000000000003	0.5
ReLU	450	75	roc_auc	0.00035	0.5
ReLU	450	75	roc_auc	0.00039999999999999996	0.5
ReLU	450	75	roc_auc	0.00045	0.5
ReLU	450	75	roc_auc	0.0005	0.5
ReLU	450	75	roc_auc	0.0005499999999999999	0.5
ReLU	450	75	roc_auc	0.0006	0.5
ReLU	450	75	roc_auc	0.00065	0.5
ReLU	450	75	roc_auc	0.0007	0.5
ReLU	450	75	roc_auc	0.0007499999999999999	0.5
ReLU	450	75	mse	0.0002	0.5
ReLU	450	75	mse	0.00025	0.5
ReLU	450	75	mse	0.00030000000000000003	0.5
ReLU	450	75	mse	0.00035	0.5
ReLU	450	75	mse	0.00039999999999999996	0.5
ReLU	450	75	mse	0.00045	0.5
ReLU	450	75	mse	0.0005	0.5
ReLU	450	75	mse	0.0005499999999999999	0.5
ReLU	450	75	mse	0.0006	0.5
ReLU	450	75	mse	0.00065	0.5
ReLU	450	75	mse	0.0007	0.5
ReLU	450	75	mse	0.0007499999999999999	0.5
ReLU	450	100	roc_auc	0.0002	0.5
ReLU	450	100	roc_auc	0.00025	0.5
ReLU	450	100	roc_auc	0.00030000000000000003	0.5
ReLU	450	100	roc_auc	0.00035	0.5
ReLU	450	100	roc_auc	0.00039999999999999996	0.5
ReLU	450	100	roc_auc	0.00045	0.5
ReLU	450	100	roc_auc	0.0005	0.5
ReLU	450	100	roc_auc	0.0005499999999999999	0.5
ReLU	450	100	roc_auc	0.0006	0.5
ReLU	450	100	roc_auc	0.00065	0.5
ReLU	450	100	roc_auc	0.0007	0.5
ReLU	450	100	roc_auc	0.0007499999999999999	0.5
ReLU	450	100	mse	0.0002	0.5
ReLU	450	100	mse	0.00025	0.5
ReLU	450	100	mse	0.00030000000000000003	0.5
ReLU	450	100	mse	0.00035	0.5
ReLU	450	100	mse	0.00039999999999999996	0.5
ReLU	450	100	mse	0.00045	0.5
ReLU	450	100	mse	0.0005	0.5
ReLU	450	100	mse	0.0005499999999999999	0.5
ReLU	450	100	mse	0.0006	0.5
ReLU	450	100	mse	0.00065	0.5
ReLU	450	100	mse	0.0007	0.5
ReLU	450	100	mse	0.0007499999999999999	0.5
ReLU	450	125	roc_auc	0.0002	0.5
ReLU	450	125	roc_auc	0.00025	0.5
ReLU	450	125	roc_auc	0.00030000000000000003	0.5
ReLU	450	125	roc_auc	0.00035	0.5
ReLU	450	125	roc_auc	0.00039999999999999996	0.5
ReLU	450	125	roc_auc	0.00045	0.5
ReLU	450	125	roc_auc	0.0005	0.5
ReLU	450	125	roc_auc	0.0005499999999999999	0.5
ReLU	450	125	roc_auc	0.0006	0.5
ReLU	450	125	roc_auc	0.00065	0.5
ReLU	450	125	roc_auc	0.0007	0.5
ReLU	450	125	roc_auc	0.0007499999999999999	0.5
ReLU	450	125	mse	0.0002	0.5
ReLU	450	125	mse	0.00025	0.5
ReLU	450	125	mse	0.00030000000000000003	0.5
ReLU	450	125	mse	0.00035	0.5
ReLU	450	125	mse	0.00039999999999999996	0.5
ReLU	450	125	mse	0.00045	0.5
ReLU	450	125	mse	0.0005	0.5
ReLU	450	125	mse	0.0005499999999999999	0.5
ReLU	450	125	mse	0.0006	0.5
ReLU	450	125	mse	0.00065	0.5
ReLU	450	125	mse	0.0007	0.5
ReLU	450	125	mse	0.0007499999999999999	0.5
ReLU	450	150	roc_auc	0.0002	0.5
ReLU	450	150	roc_auc	0.00025	0.5
ReLU	450	150	roc_auc	0.00030000000000000003	0.5
ReLU	450	150	roc_auc	0.00035	0.5
ReLU	450	150	roc_auc	0.00039999999999999996	0.5
ReLU	450	150	roc_auc	0.00045	0.5
ReLU	450	150	roc_auc	0.0005	0.5
ReLU	450	150	roc_auc	0.0005499999999999999	0.5
ReLU	450	150	roc_auc	0.0006	0.5
ReLU	450	150	roc_auc	0.00065	0.5
ReLU	450	150	roc_auc	0.0007	0.5
ReLU	450	150	roc_auc	0.0007499999999999999	0.5
ReLU	450	150	mse	0.0002	0.5
ReLU	450	150	mse	0.00025	0.5
ReLU	450	150	mse	0.00030000000000000003	0.5
ReLU	450	150	mse	0.00035	0.5
ReLU	450	150	mse	0.00039999999999999996	0.5
ReLU	450	150	mse	0.00045	0.5
ReLU	450	150	mse	0.0005	0.5
ReLU	450	150	mse	0.0005499999999999999	0.5
ReLU	450	150	mse	0.0006	0.5
ReLU	450	150	mse	0.00065	0.5
ReLU	450	150	mse	0.0007	0.5
ReLU	450	150	mse	0.0007499999999999999	0.5
ReLU	450	175	roc_auc	0.0002	0.5
ReLU	450	175	roc_auc	0.00025	0.5
ReLU	450	175	roc_auc	0.00030000000000000003	0.5
ReLU	450	175	roc_auc	0.00035	0.5
ReLU	450	175	roc_auc	0.00039999999999999996	0.5
ReLU	450	175	roc_auc	0.00045	0.5
ReLU	450	175	roc_auc	0.0005	0.5
ReLU	450	175	roc_auc	0.0005499999999999999	0.5
ReLU	450	175	roc_auc	0.0006	0.5
ReLU	450	175	roc_auc	0.00065	0.5
ReLU	450	175	roc_auc	0.0007	0.5
ReLU	450	175	roc_auc	0.0007499999999999999	0.5
ReLU	450	175	mse	0.0002	0.5
ReLU	450	175	mse	0.00025	0.5
ReLU	450	175	mse	0.00030000000000000003	0.5
ReLU	450	175	mse	0.00035	0.5
ReLU	450	175	mse	0.00039999999999999996	0.5
ReLU	450	175	mse	0.00045	0.5
ReLU	450	175	mse	0.0005	0.5
ReLU	450	175	mse	0.0005499999999999999	0.5
ReLU	450	175	mse	0.0006	0.5
ReLU	450	175	mse	0.00065	0.5
ReLU	450	175	mse	0.0007	0.5
ReLU	450	175	mse	0.0007499999999999999	0.5
ReLU	450	200	roc_auc	0.0002	0.5
ReLU	450	200	roc_auc	0.00025	0.5
ReLU	450	200	roc_auc	0.00030000000000000003	0.5
ReLU	450	200	roc_auc	0.00035	0.5
ReLU	450	200	roc_auc	0.00039999999999999996	0.5
ReLU	450	200	roc_auc	0.00045	0.5
ReLU	450	200	roc_auc	0.0005	0.5
ReLU	450	200	roc_auc	0.0005499999999999999	0.5
ReLU	450	200	roc_auc	0.0006	0.5
ReLU	450	200	roc_auc	0.00065	0.5
ReLU	450	200	roc_auc	0.0007	0.5
ReLU	450	200	roc_auc	0.0007499999999999999	0.5
ReLU	450	200	mse	0.0002	0.5
ReLU	450	200	mse	0.00025	0.5
ReLU	450	200	mse	0.00030000000000000003	0.5
ReLU	450	200	mse	0.00035	0.5
ReLU	450	200	mse	0.00039999999999999996	0.5
ReLU	450	200	mse	0.00045	0.5
ReLU	450	200	mse	0.0005	0.5
ReLU	450	200	mse	0.0005499999999999999	0.5
ReLU	450	200	mse	0.0006	0.5
ReLU	450	200	mse	0.00065	0.5
ReLU	450	200	mse	0.0007	0.4959677419354839
ReLU	450	200	mse	0.0007499999999999999	0.5
ReLU	450	225	roc_auc	0.0002	0.5
ReLU	450	225	roc_auc	0.00025	0.5
ReLU	450	225	roc_auc	0.00030000000000000003	0.5
ReLU	450	225	roc_auc	0.00035	0.5
ReLU	450	225	roc_auc	0.00039999999999999996	0.5
ReLU	450	225	roc_auc	0.00045	0.5
ReLU	450	225	roc_auc	0.0005	0.5
ReLU	450	225	roc_auc	0.0005499999999999999	0.5
ReLU	450	225	roc_auc	0.0006	0.5
ReLU	450	225	roc_auc	0.00065	0.5
ReLU	450	225	roc_auc	0.0007	0.5
ReLU	450	225	roc_auc	0.0007499999999999999	0.5
ReLU	450	225	mse	0.0002	0.5
ReLU	450	225	mse	0.00025	0.5
ReLU	450	225	mse	0.00030000000000000003	0.5
ReLU	450	225	mse	0.00035	0.5
ReLU	450	225	mse	0.00039999999999999996	0.5
ReLU	450	225	mse	0.00045	0.5
ReLU	450	225	mse	0.0005	0.5
ReLU	450	225	mse	0.0005499999999999999	0.5
ReLU	450	225	mse	0.0006	0.5
ReLU	450	225	mse	0.00065	0.5
ReLU	450	225	mse	0.0007	0.5
ReLU	450	225	mse	0.0007499999999999999	0.5
tanh	300	50	roc_auc	0.002	0.5
tanh	300	50	roc_auc	0.0025	0.48790322580645157
tanh	300	50	roc_auc	0.003	0.5914222873900293
tanh	300	50	roc_auc	0.0035	0.5
tanh	300	50	roc_auc	0.004	0.5
tanh	300	50	roc_auc	0.0045000000000000005	0.9965542521994135
tanh	300	50	roc_auc	0.005	0.7295087976539589
tanh	300	50	roc_auc	0.0055	0.5
tanh	300	50	roc_auc	0.006	0.5
tanh	300	50	roc_auc	0.006500000000000001	0.700733137829912
tanh	300	50	roc_auc	0.007	0.3205278592375367
tanh	300	50	roc_auc	0.0075	0.9099706744868035
tanh	300	50	mse	0.002	0.930791788856305
tanh	300	50	mse	0.0025	0.9511730205278592
tanh	300	50	mse	0.003	0.9991935483870968
tanh	300	50	mse	0.0035	0.5
tanh	300	50	mse	0.004	0.5655791788856306
tanh	300	50	mse	0.0045000000000000005	0.5
tanh	300	50	mse	0.005	0.8766862170087977
tanh	300	50	mse	0.0055	0.5
tanh	300	50	mse	0.006	0.9426686217008797
tanh	300	50	mse	0.006500000000000001	0.8246334310850438
tanh	300	50	mse	0.007	0.5
tanh	300	50	mse	0.0075	0.998900293255132
tanh	300	75	roc_auc	0.002	0.022910557184750723
tanh	300	75	roc_auc	0.0025	0.5
tanh	300	75	roc_auc	0.003	0.5
tanh	300	75	roc_auc	0.0035	0.9990469208211143
tanh	300	75	roc_auc	0.004	0.5
tanh	300	75	roc_auc	0.0045000000000000005	0.6655058651026393
tanh	300	75	roc_auc	0.005	0.10131964809384164
tanh	300	75	roc_auc	0.0055	0.5
tanh	300	75	roc_auc	0.006	0.9440615835777126
tanh	300	75	roc_auc	0.006500000000000001	0.5
tanh	300	75	roc_auc	0.007	0.5
tanh	300	75	roc_auc	0.0075	0.8172287390029326
tanh	300	75	mse	0.002	0.8809384164222873
tanh	300	75	mse	0.0025	0.5
tanh	300	75	mse	0.003	0.5
tanh	300	75	mse	0.0035	0.5
tanh	300	75	mse	0.004	0.3576979472140762
tanh	300	75	mse	0.0045000000000000005	0.4475806451612903
tanh	300	75	mse	0.005	0.5
tanh	300	75	mse	0.0055	0.13489736070381234
tanh	300	75	mse	0.006	0.35058651026392956
tanh	300	75	mse	0.006500000000000001	0.6203079178885631
tanh	300	75	mse	0.007	0.06726539589442815
tanh	300	75	mse	0.0075	0.9715542521994134
tanh	300	100	roc_auc	0.002	0.5
tanh	300	100	roc_auc	0.0025	0.5
tanh	300	100	roc_auc	0.003	0.09351173020527861
tanh	300	100	roc_auc	0.0035	0.9163123167155425
tanh	300	100	roc_auc	0.004	0.5
tanh	300	100	roc_auc	0.0045000000000000005	0.9994868035190616
tanh	300	100	roc_auc	0.005	0.9961876832844575
tanh	300	100	roc_auc	0.0055	0.5241935483870968
tanh	300	100	roc_auc	0.006	0.5
tanh	300	100	roc_auc	0.006500000000000001	0.5
tanh	300	100	roc_auc	0.007	0.5
tanh	300	100	roc_auc	0.0075	0.5
tanh	300	100	mse	0.002	0.5
tanh	300	100	mse	0.0025	0.5
tanh	300	100	mse	0.003	0.5
tanh	300	100	mse	0.0035	0.5
tanh	300	100	mse	0.004	0.5
tanh	300	100	mse	0.0045000000000000005	0.9983137829912023
tanh	300	100	mse	0.005	0.5
tanh	300	100	mse	0.0055	0.5
tanh	300	100	mse	0.006	0.5
tanh	300	100	mse	0.006500000000000001	0.39574780058651027
tanh	300	100	mse	0.007	0.5
tanh	300	100	mse	0.0075	0.9234970674486804
tanh	300	125	roc_auc	0.002	0.6008064516129032
tanh	300	125	roc_auc	0.0025	0.5
tanh	300	125	roc_auc	0.003	0.9962609970674486
tanh	300	125	roc_auc	0.0035	0.5
tanh	300	125	roc_auc	0.004	0.5
tanh	300	125	roc_auc	0.0045000000000000005	0.5
tanh	300	125	roc_auc	0.005	0.08350439882697946
tanh	300	125	roc_auc	0.0055	0.9554618768328446
tanh	300	125	roc_auc	0.006	0.5
tanh	300	125	roc_auc	0.006500000000000001	0.18548387096774194
tanh	300	125	roc_auc	0.007	0.5
tanh	300	125	roc_auc	0.0075	0.5
tanh	300	125	mse	0.002	0.5
tanh	300	125	mse	0.0025	0.5
tanh	300	125	mse	0.003	0.49193548387096775
tanh	300	125	mse	0.0035	0.5080645161290323
tanh	300	125	mse	0.004	0.5
tanh	300	125	mse	0.0045000000000000005	0.5
tanh	300	125	mse	0.005	0.5
tanh	300	125	mse	0.0055	0.5
tanh	300	125	mse	0.006	0.999266862170088
tanh	300	125	mse	0.006500000000000001	0.5
tanh	300	125	mse	0.007	0.5
tanh	300	125	mse	0.0075	0.5
tanh	300	150	roc_auc	0.002	0.5
tanh	300	150	roc_auc	0.0025	0.5
tanh	300	150	roc_auc	0.003	0.5
tanh	300	150	roc_auc	0.0035	0.06367302052785924
tanh	300	150	roc_auc	0.004	0.5
tanh	300	150	roc_auc	0.0045000000000000005	0.5
tanh	300	150	roc_auc	0.005	0.9711876832844574
tanh	300	150	roc_auc	0.0055	0.5
tanh	300	150	roc_auc	0.006	0.5
tanh	300	150	roc_auc	0.006500000000000001	0.8700879765395895
tanh	300	150	roc_auc	0.007	0.5
tanh	300	150	roc_auc	0.0075	0.5
tanh	300	150	mse	0.002	0.5
tanh	300	150	mse	0.0025	0.7214076246334311
tanh	300	150	mse	0.003	0.10058651026392962
tanh	300	150	mse	0.0035	0.5488636363636363
tanh	300	150	mse	0.004	0.5362903225806452
tanh	300	150	mse	0.0045000000000000005	0.4879032258064516
tanh	300	150	mse	0.005	0.5685483870967742
tanh	300	150	mse	0.0055	0.5
tanh	300	150	mse	0.006	0.5
tanh	300	150	mse	0.006500000000000001	0.5
tanh	300	150	mse	0.007	0.5
tanh	300	150	mse	0.0075	0.3709677419354839
tanh	300	175	roc_auc	0.002	0.5
tanh	300	175	roc_auc	0.0025	0.5
tanh	300	175	roc_auc	0.003	0.9994868035190616
tanh	300	175	roc_auc	0.0035	0.5
tanh	300	175	roc_auc	0.004	0.5
tanh	300	175	roc_auc	0.0045000000000000005	0.5
tanh	300	175	roc_auc	0.005	0.9986803519061583
tanh	300	175	roc_auc	0.0055	0.5
tanh	300	175	roc_auc	0.006	0.4314516129032258
tanh	300	175	roc_auc	0.006500000000000001	0.5
tanh	300	175	roc_auc	0.007	0.8909824046920821
tanh	300	175	roc_auc	0.0075	0.5
tanh	300	175	mse	0.002	0.557624633431085
tanh	300	175	mse	0.0025	0.5
tanh	300	175	mse	0.003	0.5
tanh	300	175	mse	0.0035	0.5
tanh	300	175	mse	0.004	0.487683284457478
tanh	300	175	mse	0.0045000000000000005	0.5
tanh	300	175	mse	0.005	0.560483870967742
tanh	300	175	mse	0.0055	0.5161290322580645
tanh	300	175	mse	0.006	0.36627565982404686
tanh	300	175	mse	0.006500000000000001	0.5
tanh	300	175	mse	0.007	0.5
tanh	300	175	mse	0.0075	0.5
tanh	300	200	roc_auc	0.002	0.5
tanh	300	200	roc_auc	0.0025	0.8991935483870968
tanh	300	200	roc_auc	0.003	0.5
tanh	300	200	roc_auc	0.0035	0.5
tanh	300	200	roc_auc	0.004	0.5
tanh	300	200	roc_auc	0.0045000000000000005	0.5
tanh	300	200	roc_auc	0.005	0.19288856304985338
tanh	300	200	roc_auc	0.0055	0.5
tanh	300	200	roc_auc	0.006	0.5
tanh	300	200	roc_auc	0.006500000000000001	0.5
tanh	300	200	roc_auc	0.007	0.5
tanh	300	200	roc_auc	0.0075	0.10865102639296187
tanh	300	200	mse	0.002	0.6086143695014663
tanh	300	200	mse	0.0025	0.07727272727272727
tanh	300	200	mse	0.003	0.5
tanh	300	200	mse	0.0035	0.342741935483871
tanh	300	200	mse	0.004	0.5
tanh	300	200	mse	0.0045000000000000005	0.4959677419354839
tanh	300	200	mse	0.005	0.5
tanh	300	200	mse	0.0055	0.5
tanh	300	200	mse	0.006	0.5
tanh	300	200	mse	0.006500000000000001	0.5
tanh	300	200	mse	0.007	0.5
tanh	300	200	mse	0.0075	0.5
tanh	300	225	roc_auc	0.002	0.5
tanh	300	225	roc_auc	0.0025	0.5
tanh	300	225	roc_auc	0.003	0.5
tanh	300	225	roc_auc	0.0035	0.5
tanh	300	225	roc_auc	0.004	0.5
tanh	300	225	roc_auc	0.0045000000000000005	0.5
tanh	300	225	roc_auc	0.005	0.49835043988269795
tanh	300	225	roc_auc	0.0055	0.5
tanh	300	225	roc_auc	0.006	0.5
tanh	300	225	roc_auc	0.006500000000000001	0.5
tanh	300	225	roc_auc	0.007	0.5
tanh	300	225	roc_auc	0.0075	0.5
tanh	300	225	mse	0.002	0.5
tanh	300	225	mse	0.0025	0.5
tanh	300	225	mse	0.003	0.33467741935483875
tanh	300	225	mse	0.0035	0.033284457478005854
tanh	300	225	mse	0.004	0.5
tanh	300	225	mse	0.0045000000000000005	0.3306451612903226
tanh	300	225	mse	0.005	0.5
tanh	300	225	mse	0.0055	0.5
tanh	300	225	mse	0.006	0.5
tanh	300	225	mse	0.006500000000000001	0.9990469208211145
tanh	300	225	mse	0.007	0.6923753665689149
tanh	300	225	mse	0.0075	0.5
tanh	350	50	roc_auc	0.002	0.5034090909090909
tanh	350	50	roc_auc	0.0025	0.9990469208211143
tanh	350	50	roc_auc	0.003	0.6362903225806451
tanh	350	50	roc_auc	0.0035	0.5
tanh	350	50	roc_auc	0.004	0.0472140762463343
tanh	350	50	roc_auc	0.0045000000000000005	0.9963343108504399
tanh	350	50	roc_auc	0.005	0.45161290322580644
tanh	350	50	roc_auc	0.0055	0.2146994134897361
tanh	350	50	roc_auc	0.006	0.5781524926686216
tanh	350	50	roc_auc	0.006500000000000001	0.5
tanh	350	50	roc_auc	0.007	0.9980205278592376
tanh	350	50	roc_auc	0.0075	0.5120967741935484
tanh	350	50	mse	0.002	0.5
tanh	350	50	mse	0.0025	0.999266862170088
tanh	350	50	mse	0.003	0.2876099706744868
tanh	350	50	mse	0.0035	0.5
tanh	350	50	mse	0.004	0.11055718475073313
tanh	350	50	mse	0.0045000000000000005	0.998533724340176
tanh	350	50	mse	0.005	0.9538123167155425
tanh	350	50	mse	0.0055	0.5
tanh	350	50	mse	0.006	0.08702346041055717
tanh	350	50	mse	0.006500000000000001	0.8229472140762464
tanh	350	50	mse	0.007	0.8958211143695014
tanh	350	50	mse	0.0075	0.5
tanh	350	75	roc_auc	0.002	0.9983137829912023
tanh	350	75	roc_auc	0.0025	0.0565982404692082
tanh	350	75	roc_auc	0.003	0.08673020527859236
tanh	350	75	roc_auc	0.0035	0.9957478005865102
tanh	350	75	roc_auc	0.004	0.8467741935483871
tanh	350	75	roc_auc	0.0045000000000000005	0.5
tanh	350	75	roc_auc	0.005	0.9988269794721407
tanh	350	75	roc_auc	0.0055	0.9971407624633432
tanh	350	75	roc_auc	0.006	0.5
tanh	350	75	roc_auc	0.006500000000000001	0.08332111436950147
tanh	350	75	roc_auc	0.007	0.5
tanh	350	75	roc_auc	0.0075	0.5
tanh	350	75	mse	0.002	0.5
tanh	350	75	mse	0.0025	0.4528958944281524
tanh	350	75	mse	0.003	0.5
tanh	350	75	mse	0.0035	0.5
tanh	350	75	mse	0.004	0.5
tanh	350	75	mse	0.0045000000000000005	0.5
tanh	350	75	mse	0.005	0.9761730205278594
tanh	350	75	mse	0.0055	0.9110337243401759
tanh	350	75	mse	0.006	0.5
tanh	350	75	mse	0.006500000000000001	0.5
tanh	350	75	mse	0.007	0.06770527859237535
tanh	350	75	mse	0.0075	0.4959677419354839
tanh	350	100	roc_auc	0.002	0.9980205278592376
tanh	350	100	roc_auc	0.0025	0.6572580645161291
tanh	350	100	roc_auc	0.003	0.5
tanh	350	100	roc_auc	0.0035	0.28881964809384164
tanh	350	100	roc_auc	0.004	0.12679618768328446
tanh	350	100	roc_auc	0.0045000000000000005	0.5
tanh	350	100	roc_auc	0.005	0.5
tanh	350	100	roc_auc	0.0055	0.5
tanh	350	100	roc_auc	0.006	0.5
tanh	350	100	roc_auc	0.006500000000000001	0.5
tanh	350	100	roc_auc	0.007	0.9517228739002933
tanh	350	100	roc_auc	0.0075	0.5
tanh	350	100	mse	0.002	0.5
tanh	350	100	mse	0.0025	0.5
tanh	350	100	mse	0.003	0.5
tanh	350	100	mse	0.0035	0.5
tanh	350	100	mse	0.004	0.5
tanh	350	100	mse	0.0045000000000000005	0.9986803519061583
tanh	350	100	mse	0.005	0.5
tanh	350	100	mse	0.0055	0.5
tanh	350	100	mse	0.006	0.9994868035190616
tanh	350	100	mse	0.006500000000000001	0.5
tanh	350	100	mse	0.007	0.5
tanh	350	100	mse	0.0075	0.5
tanh	350	125	roc_auc	0.002	0.5040322580645161
tanh	350	125	roc_auc	0.0025	0.5
tanh	350	125	roc_auc	0.003	0.9999266862170088
tanh	350	125	roc_auc	0.0035	0.5
tanh	350	125	roc_auc	0.004	0.5
tanh	350	125	roc_auc	0.0045000000000000005	0.5
tanh	350	125	roc_auc	0.005	0.7527859237536657
tanh	350	125	roc_auc	0.0055	0.927565982404692
tanh	350	125	roc_auc	0.006	0.5
tanh	350	125	roc_auc	0.006500000000000001	0.5
tanh	350	125	roc_auc	0.007	0.5
tanh	350	125	roc_auc	0.0075	0.4959677419354839
tanh	350	125	mse	0.002	0.9233137829912023
tanh	350	125	mse	0.0025	0.5
tanh	350	125	mse	0.003	0.5
tanh	350	125	mse	0.0035	0.5
tanh	350	125	mse	0.004	0.997434017595308
tanh	350	125	mse	0.0045000000000000005	0.5
tanh	350	125	mse	0.005	0.5
tanh	350	125	mse	0.0055	0.20436217008797652
tanh	350	125	mse	0.006	0.5
tanh	350	125	mse	0.006500000000000001	0.5
tanh	350	125	mse	0.007	0.13870967741935486
tanh	350	125	mse	0.0075	0.7279692082111436
tanh	350	150	roc_auc	0.002	0.5
tanh	350	150	roc_auc	0.0025	0.5
tanh	350	150	roc_auc	0.003	0.03317448680351904
tanh	350	150	roc_auc	0.0035	0.5
tanh	350	150	roc_auc	0.004	0.5
tanh	350	150	roc_auc	0.0045000000000000005	0.5
tanh	350	150	roc_auc	0.005	0.5
tanh	350	150	roc_auc	0.0055	0.5
tanh	350	150	roc_auc	0.006	0.5
tanh	350	150	roc_auc	0.006500000000000001	0.5
tanh	350	150	roc_auc	0.007	0.5
tanh	350	150	roc_auc	0.0075	0.5
tanh	350	150	mse	0.002	0.7415322580645161
tanh	350	150	mse	0.0025	0.5
tanh	350	150	mse	0.003	0.5
tanh	350	150	mse	0.0035	0.5
tanh	350	150	mse	0.004	0.5
tanh	350	150	mse	0.0045000000000000005	0.5
tanh	350	150	mse	0.005	0.5
tanh	350	150	mse	0.0055	0.5
tanh	350	150	mse	0.006	0.3064516129032258
tanh	350	150	mse	0.006500000000000001	0.5
tanh	350	150	mse	0.007	0.20366568914956013
tanh	350	150	mse	0.0075	0.03753665689149559
tanh	350	175	roc_auc	0.002	0.020967741935483862
tanh	350	175	roc_auc	0.0025	0.5
tanh	350	175	roc_auc	0.003	0.5
tanh	350	175	roc_auc	0.0035	0.5
tanh	350	175	roc_auc	0.004	0.06601906158357773
tanh	350	175	roc_auc	0.0045000000000000005	0.5
tanh	350	175	roc_auc	0.005	0.019758064516129024
tanh	350	175	roc_auc	0.0055	0.5
tanh	350	175	roc_auc	0.006	0.5
tanh	350	175	roc_auc	0.006500000000000001	0.5
tanh	350	175	roc_auc	0.007	0.5
tanh	350	175	roc_auc	0.0075	0.5
tanh	350	175	mse	0.002	0.5
tanh	350	175	mse	0.0025	0.9980205278592376
tanh	350	175	mse	0.003	0.5
tanh	350	175	mse	0.0035	0.5
tanh	350	175	mse	0.004	0.5
tanh	350	175	mse	0.0045000000000000005	0.5
tanh	350	175	mse	0.005	0.5
tanh	350	175	mse	0.0055	0.5
tanh	350	175	mse	0.006	0.9993401759530791
tanh	350	175	mse	0.006500000000000001	0.5
tanh	350	175	mse	0.007	0.5
tanh	350	175	mse	0.0075	0.6636363636363637
tanh	350	200	roc_auc	0.002	0.5
tanh	350	200	roc_auc	0.0025	0.5
tanh	350	200	roc_auc	0.003	0.8306451612903226
tanh	350	200	roc_auc	0.0035	0.5
tanh	350	200	roc_auc	0.004	0.5
tanh	350	200	roc_auc	0.0045000000000000005	0.5
tanh	350	200	roc_auc	0.005	0.5
tanh	350	200	roc_auc	0.0055	0.5
tanh	350	200	roc_auc	0.006	0.5
tanh	350	200	roc_auc	0.006500000000000001	0.5040322580645161
tanh	350	200	roc_auc	0.007	0.5
tanh	350	200	roc_auc	0.0075	0.5
tanh	350	200	mse	0.002	0.5
tanh	350	200	mse	0.0025	0.5
tanh	350	200	mse	0.003	0.5
tanh	350	200	mse	0.0035	0.5
tanh	350	200	mse	0.004	0.04303519061583576
tanh	350	200	mse	0.0045000000000000005	0.5
tanh	350	200	mse	0.005	0.4838709677419355
tanh	350	200	mse	0.0055	0.5
tanh	350	200	mse	0.006	0.5
tanh	350	200	mse	0.006500000000000001	0.9516862170087976
tanh	350	200	mse	0.007	0.5
tanh	350	200	mse	0.0075	0.5
tanh	350	225	roc_auc	0.002	0.9337976539589443
tanh	350	225	roc_auc	0.0025	0.5
tanh	350	225	roc_auc	0.003	0.5
tanh	350	225	roc_auc	0.0035	0.5
tanh	350	225	roc_auc	0.004	0.5249266862170088
tanh	350	225	roc_auc	0.0045000000000000005	0.5
tanh	350	225	roc_auc	0.005	0.5
tanh	350	225	roc_auc	0.0055	0.5524193548387097
tanh	350	225	roc_auc	0.006	0.5
tanh	350	225	roc_auc	0.006500000000000001	0.998533724340176
tanh	350	225	roc_auc	0.007	0.5
tanh	350	225	roc_auc	0.0075	0.5
tanh	350	225	mse	0.002	0.8817448680351907
tanh	350	225	mse	0.0025	0.5
tanh	350	225	mse	0.003	0.5
tanh	350	225	mse	0.0035	0.5
tanh	350	225	mse	0.004	0.5
tanh	350	225	mse	0.0045000000000000005	0.5
tanh	350	225	mse	0.005	0.5042521994134896
tanh	350	225	mse	0.0055	0.5
tanh	350	225	mse	0.006	0.5
tanh	350	225	mse	0.006500000000000001	0.5
tanh	350	225	mse	0.007	0.5
tanh	350	225	mse	0.0075	0.5
tanh	400	50	roc_auc	0.002	0.5
tanh	400	50	roc_auc	0.0025	0.5
tanh	400	50	roc_auc	0.003	0.45564516129032256
tanh	400	50	roc_auc	0.0035	0.9994868035190616
tanh	400	50	roc_auc	0.004	0.9986070381231672
tanh	400	50	roc_auc	0.0045000000000000005	0.5
tanh	400	50	roc_auc	0.005	0.830425219941349
tanh	400	50	roc_auc	0.0055	0.1969941348973607
tanh	400	50	roc_auc	0.006	0.8524926686217009
tanh	400	50	roc_auc	0.006500000000000001	0.18519061583577712
tanh	400	50	roc_auc	0.007	0.10894428152492668
tanh	400	50	roc_auc	0.0075	0.5
tanh	400	50	mse	0.002	0.09677419354838708
tanh	400	50	mse	0.0025	0.7700879765395895
tanh	400	50	mse	0.003	0.5
tanh	400	50	mse	0.0035	0.5
tanh	400	50	mse	0.004	0.5
tanh	400	50	mse	0.0045000000000000005	0.2861070381231672
tanh	400	50	mse	0.005	0.9990469208211145
tanh	400	50	mse	0.0055	0.9970674486803519
tanh	400	50	mse	0.006	0.28819648093841643
tanh	400	50	mse	0.006500000000000001	0.22690615835777125
tanh	400	50	mse	0.007	0.9217741935483871
tanh	400	50	mse	0.0075	0.33519061583577714
tanh	400	75	roc_auc	0.002	0.031671554252199405
tanh	400	75	roc_auc	0.0025	0.41110703812316707
tanh	400	75	roc_auc	0.003	0.47580645161290325
tanh	400	75	roc_auc	0.0035	0.5
tanh	400	75	roc_auc	0.004	0.3917521994134897
tanh	400	75	roc_auc	0.0045000000000000005	0.5
tanh	400	75	roc_auc	0.005	0.5
tanh	400	75	roc_auc	0.0055	0.4798387096774194
tanh	400	75	roc_auc	0.006	0.5
tanh	400	75	roc_auc	0.006500000000000001	0.5
tanh	400	75	roc_auc	0.007	0.5
tanh	400	75	roc_auc	0.0075	0.7169721407624634
tanh	400	75	mse	0.002	0.7965175953079179
tanh	400	75	mse	0.0025	0.03834310850439883
tanh	400	75	mse	0.003	0.27716275659824047
tanh	400	75	mse	0.0035	0.5
tanh	400	75	mse	0.004	0.5
tanh	400	75	mse	0.0045000000000000005	0.06634897360703812
tanh	400	75	mse	0.005	0.5
tanh	400	75	mse	0.0055	0.8911290322580645
tanh	400	75	mse	0.006	0.5
tanh	400	75	mse	0.006500000000000001	0.39919354838709675
tanh	400	75	mse	0.007	0.9461876832844575
tanh	400	75	mse	0.0075	0.5
tanh	400	100	roc_auc	0.002	0.9990469208211143
tanh	400	100	roc_auc	0.0025	0.568658357771261
tanh	400	100	roc_auc	0.003	0.5
tanh	400	100	roc_auc	0.0035	0.5
tanh	400	100	roc_auc	0.004	0.332991202346041
tanh	400	100	roc_auc	0.0045000000000000005	0.07228739002932551
tanh	400	100	roc_auc	0.005	0.5
tanh	400	100	roc_auc	0.0055	0.7839442815249267
tanh	400	100	roc_auc	0.006	0.5
tanh	400	100	roc_auc	0.006500000000000001	0.5
tanh	400	100	roc_auc	0.007	0.4959677419354839
tanh	400	100	roc_auc	0.0075	0.9994134897360704
tanh	400	100	mse	0.002	0.9718475073313784
tanh	400	100	mse	0.0025	0.8163123167155425
tanh	400	100	mse	0.003	0.5
tanh	400	100	mse	0.0035	0.5
tanh	400	100	mse	0.004	0.9817448680351906
tanh	400	100	mse	0.0045000000000000005	0.9237536656891496
tanh	400	100	mse	0.005	0.5
tanh	400	100	mse	0.0055	0.5
tanh	400	100	mse	0.006	0.5
tanh	400	100	mse	0.006500000000000001	0.04134897360703811
tanh	400	100	mse	0.007	0.47580645161290325
tanh	400	100	mse	0.0075	0.07661290322580644
tanh	400	125	roc_auc	0.002	0.9685117302052786
tanh	400	125	roc_auc	0.0025	0.5080645161290323
tanh	400	125	roc_auc	0.003	0.5
tanh	400	125	roc_auc	0.0035	0.5
tanh	400	125	roc_auc	0.004	0.04992668621700879
tanh	400	125	roc_auc	0.0045000000000000005	0.5
tanh	400	125	roc_auc	0.005	0.49193548387096775
tanh	400	125	roc_auc	0.0055	0.5
tanh	400	125	roc_auc	0.006	0.5
tanh	400	125	roc_auc	0.006500000000000001	0.24167888563049847
tanh	400	125	roc_auc	0.007	0.3306451612903226
tanh	400	125	roc_auc	0.0075	0.9961143695014664
tanh	400	125	mse	0.002	0.6711143695014663
tanh	400	125	mse	0.0025	0.5
tanh	400	125	mse	0.003	0.5
tanh	400	125	mse	0.0035	0.13071847507331377
tanh	400	125	mse	0.004	0.5
tanh	400	125	mse	0.0045000000000000005	0.5
tanh	400	125	mse	0.005	0.5
tanh	400	125	mse	0.0055	0.5
tanh	400	125	mse	0.006	0.5
tanh	400	125	mse	0.006500000000000001	0.5
tanh	400	125	mse	0.007	0.5
tanh	400	125	mse	0.0075	0.5
tanh	400	150	roc_auc	0.002	0.5
tanh	400	150	roc_auc	0.0025	0.5
tanh	400	150	roc_auc	0.003	0.5
tanh	400	150	roc_auc	0.0035	0.5
tanh	400	150	roc_auc	0.004	0.5
tanh	400	150	roc_auc	0.0045000000000000005	0.5
tanh	400	150	roc_auc	0.005	0.5
tanh	400	150	roc_auc	0.0055	0.1065615835777126
tanh	400	150	roc_auc	0.006	0.5
tanh	400	150	roc_auc	0.006500000000000001	0.5
tanh	400	150	roc_auc	0.007	0.5
tanh	400	150	roc_auc	0.0075	0.8013929618768328
tanh	400	150	mse	0.002	0.5
tanh	400	150	mse	0.0025	0.5
tanh	400	150	mse	0.003	0.5
tanh	400	150	mse	0.0035	0.5
tanh	400	150	mse	0.004	0.5
tanh	400	150	mse	0.0045000000000000005	0.5
tanh	400	150	mse	0.005	0.5
tanh	400	150	mse	0.0055	0.5
tanh	400	150	mse	0.006	0.04061583577712609
tanh	400	150	mse	0.006500000000000001	0.5
tanh	400	150	mse	0.007	0.5
tanh	400	150	mse	0.0075	0.5161290322580645
tanh	400	175	roc_auc	0.002	0.5
tanh	400	175	roc_auc	0.0025	0.5
tanh	400	175	roc_auc	0.003	0.5
tanh	400	175	roc_auc	0.0035	0.5
tanh	400	175	roc_auc	0.004	0.5
tanh	400	175	roc_auc	0.0045000000000000005	0.5
tanh	400	175	roc_auc	0.005	0.5
tanh	400	175	roc_auc	0.0055	0.5040322580645161
tanh	400	175	roc_auc	0.006	0.5
tanh	400	175	roc_auc	0.006500000000000001	0.22661290322580646
tanh	400	175	roc_auc	0.007	0.5
tanh	400	175	roc_auc	0.0075	0.4838709677419355
tanh	400	175	mse	0.002	0.5
tanh	400	175	mse	0.0025	0.5
tanh	400	175	mse	0.003	0.8306451612903226
tanh	400	175	mse	0.0035	0.5
tanh	400	175	mse	0.004	0.5
tanh	400	175	mse	0.0045000000000000005	0.5
tanh	400	175	mse	0.005	0.5
tanh	400	175	mse	0.0055	0.5
tanh	400	175	mse	0.006	0.9599706744868035
tanh	400	175	mse	0.006500000000000001	0.5
tanh	400	175	mse	0.007	0.5
tanh	400	175	mse	0.0075	0.5
tanh	400	200	roc_auc	0.002	0.5
tanh	400	200	roc_auc	0.0025	0.9459677419354838
tanh	400	200	roc_auc	0.003	0.16286656891495602
tanh	400	200	roc_auc	0.0035	0.5
tanh	400	200	roc_auc	0.004	0.7030058651026393
tanh	400	200	roc_auc	0.0045000000000000005	0.5
tanh	400	200	roc_auc	0.005	0.5
tanh	400	200	roc_auc	0.0055	0.5
tanh	400	200	roc_auc	0.006	0.5
tanh	400	200	roc_auc	0.006500000000000001	0.5
tanh	400	200	roc_auc	0.007	0.5
tanh	400	200	roc_auc	0.0075	0.5
tanh	400	200	mse	0.002	0.5
tanh	400	200	mse	0.0025	0.3419354838709677
tanh	400	200	mse	0.003	0.5
tanh	400	200	mse	0.0035	0.5
tanh	400	200	mse	0.004	0.21110703812316717
tanh	400	200	mse	0.0045000000000000005	0.5
tanh	400	200	mse	0.005	0.5
tanh	400	200	mse	0.0055	0.5
tanh	400	200	mse	0.006	0.06400293255131964
tanh	400	200	mse	0.006500000000000001	0.5
tanh	400	200	mse	0.007	0.5
tanh	400	200	mse	0.0075	0.5
tanh	400	225	roc_auc	0.002	0.5
tanh	400	225	roc_auc	0.0025	0.9059384164222873
tanh	400	225	roc_auc	0.003	0.5
tanh	400	225	roc_auc	0.0035	0.5
tanh	400	225	roc_auc	0.004	0.9977272727272727
tanh	400	225	roc_auc	0.0045000000000000005	0.5
tanh	400	225	roc_auc	0.005	0.5
tanh	400	225	roc_auc	0.0055	0.5
tanh	400	225	roc_auc	0.006	0.5
tanh	400	225	roc_auc	0.006500000000000001	0.5
tanh	400	225	roc_auc	0.007	0.03739002932551319
tanh	400	225	roc_auc	0.0075	0.5
tanh	400	225	mse	0.002	0.5
tanh	400	225	mse	0.0025	0.5
tanh	400	225	mse	0.003	0.8673020527859238
tanh	400	225	mse	0.0035	0.5
tanh	400	225	mse	0.004	0.5
tanh	400	225	mse	0.0045000000000000005	0.5
tanh	400	225	mse	0.005	0.5
tanh	400	225	mse	0.0055	0.5
tanh	400	225	mse	0.006	0.5
tanh	400	225	mse	0.006500000000000001	0.5
tanh	400	225	mse	0.007	0.9983137829912023
tanh	400	225	mse	0.0075	0.5
tanh	450	50	roc_auc	0.002	0.5
tanh	450	50	roc_auc	0.0025	0.10901759530791788
tanh	450	50	roc_auc	0.003	0.9060117302052786
tanh	450	50	roc_auc	0.0035	0.5
tanh	450	50	roc_auc	0.004	0.5
tanh	450	50	roc_auc	0.0045000000000000005	0.281341642228739
tanh	450	50	roc_auc	0.005	0.5
tanh	450	50	roc_auc	0.0055	0.5
tanh	450	50	roc_auc	0.006	0.5
tanh	450	50	roc_auc	0.006500000000000001	0.5
tanh	450	50	roc_auc	0.007	0.9976539589442815
tanh	450	50	roc_auc	0.0075	0.5
tanh	450	50	mse	0.002	0.9991202346041056
tanh	450	50	mse	0.0025	0.5
tanh	450	50	mse	0.003	0.027785923753665683
tanh	450	50	mse	0.0035	0.5040322580645161
tanh	450	50	mse	0.004	0.17851906158357772
tanh	450	50	mse	0.0045000000000000005	0.14787390029325512
tanh	450	50	mse	0.005	0.8779325513196481
tanh	450	50	mse	0.0055	0.5
tanh	450	50	mse	0.006	0.5
tanh	450	50	mse	0.006500000000000001	0.8847507331378299
tanh	450	50	mse	0.007	0.19794721407624633
tanh	450	50	mse	0.0075	0.998900293255132
tanh	450	75	roc_auc	0.002	0.08966275659824047
tanh	450	75	roc_auc	0.0025	0.5
tanh	450	75	roc_auc	0.003	0.5
tanh	450	75	roc_auc	0.0035	0.5
tanh	450	75	roc_auc	0.004	0.9936950146627567
tanh	450	75	roc_auc	0.0045000000000000005	0.02470674486803518
tanh	450	75	roc_auc	0.005	0.9441348973607039
tanh	450	75	roc_auc	0.0055	0.9986070381231672
tanh	450	75	roc_auc	0.006	0.5
tanh	450	75	roc_auc	0.006500000000000001	0.9999266862170088
tanh	450	75	roc_auc	0.007	0.5
tanh	450	75	roc_auc	0.0075	0.5963343108504399
tanh	450	75	mse	0.002	0.5
tanh	450	75	mse	0.0025	0.5
tanh	450	75	mse	0.003	0.5
tanh	450	75	mse	0.0035	0.9969208211143694
tanh	450	75	mse	0.004	0.5
tanh	450	75	mse	0.0045000000000000005	0.999266862170088
tanh	450	75	mse	0.005	0.5
tanh	450	75	mse	0.0055	0.5
tanh	450	75	mse	0.006	0.5
tanh	450	75	mse	0.006500000000000001	0.773900293255132
tanh	450	75	mse	0.007	0.5
tanh	450	75	mse	0.0075	0.5
tanh	450	100	roc_auc	0.002	0.5
tanh	450	100	roc_auc	0.0025	0.9988269794721408
tanh	450	100	roc_auc	0.003	0.5
tanh	450	100	roc_auc	0.0035	0.9581378299120236
tanh	450	100	roc_auc	0.004	0.5
tanh	450	100	roc_auc	0.0045000000000000005	0.5
tanh	450	100	roc_auc	0.005	0.10395894428152493
tanh	450	100	roc_auc	0.0055	0.5
tanh	450	100	roc_auc	0.006	0.5
tanh	450	100	roc_auc	0.006500000000000001	0.5
tanh	450	100	roc_auc	0.007	0.5
tanh	450	100	roc_auc	0.0075	0.07661290322580644
tanh	450	100	mse	0.002	0.5
tanh	450	100	mse	0.0025	0.5
tanh	450	100	mse	0.003	0.5
tanh	450	100	mse	0.0035	0.4879032258064516
tanh	450	100	mse	0.004	0.9976539589442815
tanh	450	100	mse	0.0045000000000000005	0.5
tanh	450	100	mse	0.005	0.5
tanh	450	100	mse	0.0055	0.5
tanh	450	100	mse	0.006	0.5
tanh	450	100	mse	0.006500000000000001	0.03379765395894428
tanh	450	100	mse	0.007	0.5
tanh	450	100	mse	0.0075	0.5
tanh	450	125	roc_auc	0.002	0.5
tanh	450	125	roc_auc	0.0025	0.5
tanh	450	125	roc_auc	0.003	0.1224340175953079
tanh	450	125	roc_auc	0.0035	0.5
tanh	450	125	roc_auc	0.004	0.5
tanh	450	125	roc_auc	0.0045000000000000005	0.03526392961876833
tanh	450	125	roc_auc	0.005	0.5
tanh	450	125	roc_auc	0.0055	0.7917888563049854
tanh	450	125	roc_auc	0.006	0.5
tanh	450	125	roc_auc	0.006500000000000001	0.29516129032258065
tanh	450	125	roc_auc	0.007	0.5
tanh	450	125	roc_auc	0.0075	0.5
tanh	450	125	mse	0.002	0.9590175953079179
tanh	450	125	mse	0.0025	0.5
tanh	450	125	mse	0.003	0.21151026392961875
tanh	450	125	mse	0.0035	0.5
tanh	450	125	mse	0.004	0.5
tanh	450	125	mse	0.0045000000000000005	0.5
tanh	450	125	mse	0.005	0.4485337243401759
tanh	450	125	mse	0.0055	0.5
tanh	450	125	mse	0.006	0.5
tanh	450	125	mse	0.006500000000000001	0.5
tanh	450	125	mse	0.007	0.11616568914956012
tanh	450	125	mse	0.0075	0.021444281524926678
tanh	450	150	roc_auc	0.002	0.5
tanh	450	150	roc_auc	0.0025	0.5
tanh	450	150	roc_auc	0.003	0.9843841642228739
tanh	450	150	roc_auc	0.0035	0.5
tanh	450	150	roc_auc	0.004	0.15480205278592374
tanh	450	150	roc_auc	0.0045000000000000005	0.21008064516129032
tanh	450	150	roc_auc	0.005	0.5
tanh	450	150	roc_auc	0.0055	0.6129032258064516
tanh	450	150	roc_auc	0.006	0.5
tanh	450	150	roc_auc	0.006500000000000001	0.8667521994134897
tanh	450	150	roc_auc	0.007	0.5
tanh	450	150	roc_auc	0.0075	0.5
tanh	450	150	mse	0.002	0.5
tanh	450	150	mse	0.0025	0.5
tanh	450	150	mse	0.003	0.5
tanh	450	150	mse	0.0035	0.5
tanh	450	150	mse	0.004	0.5
tanh	450	150	mse	0.0045000000000000005	0.5
tanh	450	150	mse	0.005	0.5
tanh	450	150	mse	0.0055	0.5
tanh	450	150	mse	0.006	0.9853372434017595
tanh	450	150	mse	0.006500000000000001	0.13313782991202347
tanh	450	150	mse	0.007	0.5
tanh	450	150	mse	0.0075	0.8847507331378299
tanh	450	175	roc_auc	0.002	0.5
tanh	450	175	roc_auc	0.0025	0.5
tanh	450	175	roc_auc	0.003	0.5
tanh	450	175	roc_auc	0.0035	0.5
tanh	450	175	roc_auc	0.004	0.5
tanh	450	175	roc_auc	0.0045000000000000005	0.5
tanh	450	175	roc_auc	0.005	0.5
tanh	450	175	roc_auc	0.0055	0.4153225806451613
tanh	450	175	roc_auc	0.006	0.5
tanh	450	175	roc_auc	0.006500000000000001	0.9479472140762463
tanh	450	175	roc_auc	0.007	0.5
tanh	450	175	roc_auc	0.0075	0.9947947214076246
tanh	450	175	mse	0.002	0.5
tanh	450	175	mse	0.0025	0.5282258064516129
tanh	450	175	mse	0.003	0.5
tanh	450	175	mse	0.0035	0.773900293255132
tanh	450	175	mse	0.004	0.5
tanh	450	175	mse	0.0045000000000000005	0.5
tanh	450	175	mse	0.005	0.5
tanh	450	175	mse	0.0055	0.5
tanh	450	175	mse	0.006	0.5
tanh	450	175	mse	0.006500000000000001	0.5
tanh	450	175	mse	0.007	0.5
tanh	450	175	mse	0.0075	0.5
tanh	450	200	roc_auc	0.002	0.5
tanh	450	200	roc_auc	0.0025	0.045674486803519064
tanh	450	200	roc_auc	0.003	0.5
tanh	450	200	roc_auc	0.0035	0.5
tanh	450	200	roc_auc	0.004	0.9387829912023461
tanh	450	200	roc_auc	0.0045000000000000005	0.5
tanh	450	200	roc_auc	0.005	0.5
tanh	450	200	roc_auc	0.0055	0.5
tanh	450	200	roc_auc	0.006	0.5
tanh	450	200	roc_auc	0.006500000000000001	0.5
tanh	450	200	roc_auc	0.007	0.5
tanh	450	200	roc_auc	0.0075	0.9836510263929619
tanh	450	200	mse	0.002	0.5
tanh	450	200	mse	0.0025	0.5
tanh	450	200	mse	0.003	0.5
tanh	450	200	mse	0.0035	0.7353739002932552
tanh	450	200	mse	0.004	0.5
tanh	450	200	mse	0.0045000000000000005	0.9990469208211143
tanh	450	200	mse	0.005	0.5
tanh	450	200	mse	0.0055	0.6142595307917889
tanh	450	200	mse	0.006	0.5
tanh	450	200	mse	0.006500000000000001	0.5
tanh	450	200	mse	0.007	0.5
tanh	450	200	mse	0.0075	0.5
tanh	450	225	roc_auc	0.002	0.5
tanh	450	225	roc_auc	0.0025	0.7515762463343109
tanh	450	225	roc_auc	0.003	0.5
tanh	450	225	roc_auc	0.0035	0.5927419354838709
tanh	450	225	roc_auc	0.004	0.5
tanh	450	225	roc_auc	0.0045000000000000005	0.5
tanh	450	225	roc_auc	0.005	0.5
tanh	450	225	roc_auc	0.0055	0.5
tanh	450	225	roc_auc	0.006	0.5
tanh	450	225	roc_auc	0.006500000000000001	0.5
tanh	450	225	roc_auc	0.007	0.5
tanh	450	225	roc_auc	0.0075	0.5
tanh	450	225	mse	0.002	0.5
tanh	450	225	mse	0.0025	0.5
tanh	450	225	mse	0.003	0.5
tanh	450	225	mse	0.0035	0.5
tanh	450	225	mse	0.004	0.5
tanh	450	225	mse	0.0045000000000000005	0.5
tanh	450	225	mse	0.005	0.5
tanh	450	225	mse	0.0055	0.5
tanh	450	225	mse	0.006	0.5
tanh	450	225	mse	0.006500000000000001	0.5
tanh	450	225	mse	0.007	0.5040322580645161
tanh	450	225	mse	0.0075	0.6088709677419355
